SP_CODE,SCIENTIFIC_NAME,COMMON_NAME,ADULT,SIZE,SIZE_MIN_REF,SIZE_MAX_REF,GROUP,SURVEY,SPP_CHANGE,START_NA,END_NA,LUMP_TO,NA_NOTE,GUILD,SUBSTRATE_TYPE,MOBILITY,GROWTH_MORPH,APHIAID,RANK,TAXON_KINGDOM,TAXON_PHYLUM,TAXON_CLASS,TAXON_ORDER,TAXON_FAMILY,TAXON_GENUS,TAXON_FORMER_GENUS,TAXON_FORMER_SPECIESND,.,No detritus ,.,.,.,.,.,DETRITUS,KEEP,,,,,.,.,.,.,.,.,.,.,.,.,.,.,.,.NOSP,.,no species present,.,.,.,.,.,QUAD,KEEP,,,,,.,.,.,.,.,.,.,.,.,.,.,.,.,.NOSP,.,no species present,.,.,.,.,.,SWATH,KEEP,,,,,.,.,.,.,.,.,.,.,.,.,.,.,.,.NOSP,.,no species present,.,.,.,.,.,UPC,KEEP,,,,,.,.,.,.,.,.,.,.,.,.,.,.,.,.NF,.,no fish present,.,.,.,.,FISH,CRYPTIC FISH,KEEP,,,,,.,.,.,.,.,.,.,.,.,.,.,.,.,.NF,.,no fish present,.,.,.,.,FISH,FISH,KEEP,,,,,.,.,.,.,.,.,.,.,.,.,.,.,.,.B,.,Bedrock,.,.,.,.,SUBSTRATE,UPC,KEEP,,,,,.,.,.,.,.,.,.,.,.,.,.,.,.,.BL,.,Boulder Large,.,.,.,.,SUBSTRATE,UPC,KEEP,,,,,.,.,.,.,.,.,.,.,.,.,.,.,.,.BM,.,Boulder Medium,.,.,.,.,SUBSTRATE,UPC,KEEP,,,,,.,.,.,.,.,.,.,.,.,.,.,.,.,.BS,.,Boulder Small,.,.,.,.,SUBSTRATE,UPC,KEEP,,,,,.,.,.,.,.,.,.,.,.,.,.,.,.,.C,.,Cobble,.,.,.,.,SUBSTRATE,UPC,KEEP,,,,,.,.,.,.,.,.,.,.,.,.,.,.,.,.HOLES,.,holes,.,.,.,.,SUBSTRATE,QUAD,REMOVE,,,,,.,.,.,.,.,.,.,.,.,.,.,.,.,.ROCK,.,rock,.,.,.,.,SUBSTRATE,QUAD,REMOVE,,,,,.,.,.,.,.,.,.,.,.,.,.,.,.,.S,.,Sand,.,.,.,.,SUBSTRATE,UPC,KEEP,,,,,.,.,.,.,.,.,.,.,.,.,.,.,.,.SH,.,Shell debris,.,.,.,.,SUBSTRATE,UPC,KEEP,,,,,.,.,.,.,.,.,.,.,.,.,.,.,.,.SS,.,Shallow Sand,.,.,.,.,SUBSTRATE,UPC,KEEP,,,,,.,.,.,.,.,.,.,.,.,.,.,.,.,.AB,Abietinaria,Coarse Sea Fir Hydroid,AB,.,.,.,INVERT,UPC,KEEP,,,,,PLANKTIVORE,HARD,SESSILE,AGGREGATED,117225,Genus,Animalia,Cnidaria,Hydrozoa,Leptothecata,Sertulariidae,Abietinaria,.,.HC,Acanthancora cyanocrypta,Cobalt Sponge,HC,.,.,.,INVERT,UPC,KEEP,,,,,PLANKTIVORE,HARD,SESSILE,AGGREGATED,169126,Species,Animalia,Porifera,Demospongiae,Poecilosclerida,Hymedesmiidae,Acanthancora,Hymenamphiastra,cyanocryptaAU,Acrosorium ciliolatum,.,AU,.,.,.,ALGAE,DETRITUS,KEEP,,,,,PRODUCER,HARD,SESSILE,AGGREGATED,295874,Species,Plantae,Rhodophyta,Florideophyceae,Ceramiales,Delesseriaceae,Acrosorium,Acrosorium,uncinatumAU,Acrosorium ciliolatum,.,AU,.,.,.,ALGAE,UPC,KEEP,,,,,PRODUCER,HARD,SESSILE,AGGREGATED,295874,Species,Plantae,Rhodophyta,Florideophyceae,Ceramiales,Delesseriaceae,Acrosorium,Acrosorium,uncinatumNEO,Agardhiella subulata,.,NEO,.,.,.,ALGAE,UPC,KEEP,,,,,PRODUCER,HARD,SESSILE,SOLITARY,145677,Species,Plantae,Rhodophyta,Florideophyceae,Gigartinales,Solieriaceae,Agardhiella,.,.AS,Aglaophenia,Ostrich-Plume Hydroid,AS,.,.,.,INVERT,UPC,KEEP,,,,,PLANKTIVORE,HARD,SESSILE,AGGREGATED,116999,Genus,Animalia,Cnidaria,Hydrozoa,Leptothecata,Aglaopheniidae,Aglaophenia,.,.AHOL,Alloclinus holderi,Island Kelpfish,AHOL,.,3,14,FISH,CRYPTIC FISH,KEEP,,,,,MICROCARNIVORE,HARD,MOBILE,SOLITARY,279560,Species,Animalia,Chordata,Actinopterygii,Perciformes,Labrisomidae,Alloclinus,.,.BOW,Amathia gracilis,.,BOW,.,.,.,INVERT,UPC,KEEP,,,,,PLANKTIVORE,HARD,SESSILE,AGGREGATED,851589,Species,Animalia,Bryozoa,Gymnolaemata,Ctenostomatida,Vesiculariidae,Amathia,.,.ATM,Amphipoda,Amphipod tube mat,ATM,.,.,.,INVERT,UPC,KEEP,,,,,MESOCARNIVORE,HARD,SESSILE,AGGREGATED,1135,Order,Animalia,Arthropoda,Malacostraca,Amphipoda,.,.,.,.AMZO,Amphiroa beauvoisii,.,AMZO,.,.,.,ALGAE,UPC,KEEP,,,,,PRODUCER,HARD,SESSILE,AGGREGATED,145097,Species,Plantae,Rhodophyta,Florideophyceae,Corallinales,Corallinaceae,Amphiroa,.,.ANPA,Anisocladella pacifica,.,ANPA,.,.,.,ALGAE,DETRITUS,KEEP,,,,,PRODUCER,HARD,SESSILE,SOLITARY,373900,Species,Plantae,Rhodophyta,Florideophyceae,Ceramiales,Delesseriaceae,Anisocladella,.,.ANPA,Anisocladella pacifica,.,ANPA,.,.,.,ALGAE,UPC,KEEP,,,,,PRODUCER,HARD,SESSILE,SOLITARY,373900,Species,Plantae,Rhodophyta,Florideophyceae,Ceramiales,Delesseriaceae,Anisocladella,.,.ANDA,Anisotremus davidsonii,Sargo,ANDA,.,8,44,FISH,FISH,KEEP,,,,,MESOCARNIVORE,HARD,MOBILE,SOLITARY,279617,Species,Animalia,Chordata,Actinopterygii,Perciformes,Haemulidae,Anisotremus,.,.ANSP,Anthopleura,Aggregating anemone,ANSP,.,0.1,15,INVERT,QUAD,KEEP,,,,,PLANKTIVORE,HARD,SESSILE,AGGREGATED,100696,Genus,Animalia,Cnidaria,Anthozoa,Actiniaria,Actiniidae,Anthopleura,.,.ANSP,Anthopleura,Aggregating anemone,ANSP,.,.,.,INVERT,UPC,KEEP,,,,,PLANKTIVORE,HARD,SESSILE,AGGREGATED,100696,Genus,Animalia,Cnidaria,Anthozoa,Actiniaria,Actiniidae,Anthopleura,.,.ANAR,Anthopleura artemisia,Moonglow Anemone,ANAR,.,.,.,INVERT,QUAD,LUMP,,,ANSP,,PLANKTIVORE,HARD,SESSILE,SOLITARY,283337,Species,Animalia,Cnidaria,Anthozoa,Actiniaria,Actiniidae,Anthopleura,.,.ANAR,Anthopleura artemisia,Moonglow Anemone,ANAR,.,.,.,INVERT,UPC,LUMP,,,ANSP,,PLANKTIVORE,HARD,SESSILE,SOLITARY,283337,Species,Animalia,Cnidaria,Anthozoa,Actiniaria,Actiniidae,Anthopleura,.,.ANSO,Anthopleura sola,Aggregating anemone,ANSO,.,.,.,INVERT,UPC,LUMP,,,ANSP,,PLANKTIVORE,HARD,SESSILE,AGGREGATED,240753,Species,Animalia,Cnidaria,Anthozoa,Actiniaria,Actiniidae,Anthopleura,.,.UNAN,Anthozoa,Unidentified anemone,UNAN,.,.,.,INVERT,QUAD,REMOVE,,,,Remove - counted in 2003-2004 in addition to ANAR; may have been Phyllactis,PLANKTIVORE,HARD,SESSILE,SOLITARY,1292,Class,Animalia,Cnidaria,Anthozoa,.,.,.,.,.UNAN,Anthozoa,Unidentified anemone,UNAN,.,.,.,INVERT,UPC,KEEP,,,,,PLANKTIVORE,HARD,SESSILE,SOLITARY,1292,Class,Animalia,Cnidaria,Anthozoa,.,.,.,.,.APCA,Aplysia californica,California Brown Sea Hare,APCA,.,2,40,INVERT,SWATH,KEEP,,,,,GRAZER,HARD,MOBILE,SOLITARY,240765,Species,Animalia,Mollusca,Gastropoda,Aplysiida,Aplysiidae,Aplysia,.,.APVA,Aplysia vaccaria,California Black Sea Hare,APVA,.,2,45,INVERT,SWATH,KEEP,,,,,GRAZER,HARD,MOBILE,SOLITARY,568031,Species,Animalia,Mollusca,Gastropoda,Aplysiida,Aplysiidae,Aplysia,.,.CUKE,Apostichopus californicus,California Sea Cucumber,CUKE,.,12,30,INVERT,SWATH,KEEP,,,,,DEPOSITFEEDER,HARD,MOBILE,SOLITARY,529363,Species,Animalia,Echinodermata,Holothuroidea,Synallactida,Stichopodidae,Apostichopus,.,.PAPA,Apostichopus parvimensis,Warty Sea Cucumber,PAPA,.,5,45,INVERT,SWATH,KEEP,,,,,DEPOSITFEEDER,HARD,MOBILE,SOLITARY,529435,Species,Animalia,Echinodermata,Holothuroidea,Synallactida,Stichopodidae,Apostichopus,.,.UM,Arthropoda,Unidentifiable tube mat,UM,.,.,.,INVERT,UPC,KEEP,,,,,PLANKTIVORE,HARD,SESSILE,AGGREGATED,1065,Phylum,Animalia,Arthropoda,.,.,.,.,.,.AL,Astrangia haimei,Aggregating cup Coral,AL,.,.,.,INVERT,UPC,KEEP,,,,,PLANKTIVORE,HARD,SESSILE,AGGREGATED,287121,Species,Animalia,Cnidaria,Anthozoa,Scleractinia,Rhizangiidae,Astrangia,.,.ASAR,Astropecten armatus,,ASAR,.,.,.,INVERT,SWATH,REMOVE,7/1/07,7/1/30,,stopped surveying after 2007; removed because predominately sand species;,MESOCARNIVORE,HARD,MOBILE,SOLITARY,292851,Species,Animalia,Echinodermata,AsteroideaÊ,Paxillosida,Astropectinidae,AstropectenÊ,.,.AUFL,Aulorhynchus flavidus,Tube-Snout,AUFL,.,2,20,FISH,FISH,KEEP,,,,,MICROCARNIVORE,SOFT,MOBILE,SOLITARY,279839,Species,Animalia,Chordata,Actinopterygii,Gasterosteiformes,Aulorhynchidae,Aulorhynchus,.,.BAEL,Balanophyllia elegans,Orange Cup Coral,BAEL,.,0.1,2,INVERT,QUAD,KEEP,,,,,PLANKTIVORE,HARD,SESSILE,AGGREGATED,286920,Species,Animalia,Cnidaria,Anthozoa,Scleractinia,Dendrophylliidae,Balanophyllia,.,.BAEL,Balanophyllia elegans,Orange Cup Coral,BAEL,.,.,.,INVERT,UPC,KEEP,,,,,PLANKTIVORE,HARD,SESSILE,AGGREGATED,286920,Species,Animalia,Cnidaria,Anthozoa,Scleractinia,Dendrophylliidae,Balanophyllia,.,.BRSP,Barentsia,.,BRSP,.,.,.,INVERT,UPC,KEEP,,,,,PLANKTIVORE,HARD,SESSILE,AGGREGATED,111795,Genus,Animalia,Entoprocta,.,.,Barentsiidae,Barentsia,.,.BO,Bossiella orbigniana,.,BO,.,.,.,ALGAE,DETRITUS,KEEP,,,,,PRODUCER,HARD,SESSILE,AGGREGATED,372744,Species,Plantae,Rhodophyta,Florideophyceae,Corallinales,Corallinaceae,Bossiella,.,.BO,Bossiella orbigniana,.,BO,.,.,.,ALGAE,UPC,KEEP,,,,,PRODUCER,HARD,SESSILE,AGGREGATED,372744,Species,Plantae,Rhodophyta,Florideophyceae,Corallinales,Corallinaceae,Bossiella,.,.BOTH,Bothid,Unidentified Flatfish spp.,BOTH,.,6,36,FISH,FISH,KEEP,,,,,MESOCARNIVORE,SOFT,MOBILE,SOLITARY,125576,Family,Animalia,Chordata,Actinopterygii,Pleuronectiformes,Bothidae,.,.,.BOPS,Botrylloides spp.,,BOPS,.,.,.,INVERT,UPC,LUMP,,,UT,,.,.,.,.,.,.,.,.,.,.,.,.,.,.BFRE,Brachyistius frenatus,Kelp Surfperch,BFRE,.,3,18,FISH,FISH,KEEP,,,,,MICROCARNIVORE,HARD,MOBILE,SOLITARY,240721,Species,Animalia,Chordata,Actinopterygii,Perciformes,Embiotocidae,Brachyistius,.,.ECB,Bryozoa,Encrusting Bryozoan,ECB,.,.,.,INVERT,UPC,KEEP,,,,,PLANKTIVORE,HARD,SESSILE,AGGREGATED,146142,Phylum,Animalia,Bryozoa,.,.,.,.,.,.UAB,Bryozoa,Unidentified Arborescent Bryozoan,UAB,.,.,.,INVERT,UPC,KEEP,,,,,PLANKTIVORE,HARD,SESSILE,AGGREGATED,146142,Phylum,Animalia,Bryozoa,.,.,.,.,.,.BN,Bugula neritina,.,BN,.,.,.,INVERT,UPC,KEEP,,,,,PLANKTIVORE,HARD,SESSILE,AGGREGATED,111158,Species,Animalia,Bryozoa,Gymnolaemata,Cheilostomatida,Bugulidae,Bugula,.,.BCAL,Bugulina californica,Spiral Bryozoan,BCAL,.,.,.,INVERT,UPC,KEEP,,,,,PLANKTIVORE,HARD,SESSILE,AGGREGATED,833997,Species,Animalia,Bryozoa,Gymnolaemata,Cheilostomatida,Bugulidae,Bugulina,.,.COCA,Californiconus californicus,Califonia Cone Snail,COCA,.,0.4,4,INVERT,QUAD,KEEP,,,,,MICROCARNIVORE,HARD,MOBILE,AGGREGATED,581058,Species,Animalia,Mollusca,Gastropoda,Neogastropoda,Conidae,Californiconus,.,.CAL,Calliarthron cheilosporioid,.,CAL,.,.,.,ALGAE,DETRITUS,KEEP,,,,,PRODUCER,HARD,SESSILE,AGGREGATED,494958,Species,Plantae,Rhodophyta,Florideophyceae,Corallinales,Corallinaceae,Calliarthron,.,.CAL,Calliarthron cheilosporioid,.,CAL,.,.,.,ALGAE,UPC,KEEP,,,,,PRODUCER,HARD,SESSILE,AGGREGATED,494958,Species,Plantae,Rhodophyta,Florideophyceae,Corallinales,Corallinaceae,Calliarthron,.,.CF,Callophyllis flabellulata,.,CF,.,.,.,ALGAE,DETRITUS,KEEP,,,,,PRODUCER,HARD,SESSILE,SOLITARY,496241,Species,Plantae,Rhodophyta,Florideophyceae,Gigartinales,Kallymeniaceae,Callophyllis,.,.CF,Callophyllis flabellulata,.,CF,.,.,.,ALGAE,UPC,KEEP,,,,,PRODUCER,HARD,SESSILE,SOLITARY,496241,Species,Plantae,Rhodophyta,Florideophyceae,Gigartinales,Kallymeniaceae,Callophyllis,.,.CASP,Cancer,Cancer Crab,CASP,.,2,20,INVERT,SWATH,KEEP,,,,,MESOCARNIVORE,HARD,MOBILE,SOLITARY,106876,Genus,Animalia,Arthropoda,Malacostraca,Decapoda,Cancridae,Cancer,.,.CAPR,Caulolatilus princeps,Ocean Whitefish,CAPR,.,20,45,FISH,FISH,KEEP,,,,,MICROCARNIVORE,.,MOBILE,SOLITARY,276217,Species,Animalia,Chordata,Actinopterygii,Perciformes,Malacanthidae,Caulolatilus,.,.CESP,Cellaria,.,CESP,.,.,.,INVERT,UPC,KEEP,,,,,PLANKTIVORE,HARD,SESSILE,AGGREGATED,110869,Genus,Animalia,Bryozoa,Gymnolaemata,Cheilostomatida,Cellariidae,Cellaria,.,.COST,Celleporina robertsoniae,Orange Byozoan,COST,.,.,.,INVERT,UPC,KEEP,,,,,PLANKTIVORE,HARD,SESSILE,AGGREGATED,469568,Species,Animalia,Bryozoa,Gymnolaemata,Cheilostomatida,Celleporidae,Celleporina,Costazia,robertsoniaeCECO,Centrostephanus coronatus,Crowned Sea Urchin,CECO,.,2,8,INVERT,QUAD,KEEP,,,,,GRAZER,HARD,MOBILE,SOLITARY,513165,Species,Animalia,Echinodermata,Echinoidea,Diadematoida,Diadematidae,Centrostephanus,.,.CVEN,Cephaloscyllium ventriosum,Swell Shark,CVEN,.,20,75,FISH,FISH,KEEP,,,,,MACROCARNIVORE,HARD,MOBILE,SOLITARY,277105,Species,Animalia,Chordata,Elasmobranchii,Carcharhiniformes,Scyliorhinidae,Cephaloscyllium,.,.FTHR,Ceramiales,Ceramiales Complex: Neoptilota Ptilota Rhodoptilum Pterosiphonia,FTHR,.,.,.,ALGAE,DETRITUS,KEEP,,,,,PRODUCER,HARD,SESSILE,SOLITARY,860,Order,Plantae,Rhodophyta,Florideophyceae,Ceramiales,.,.,.,.FTHR,Ceramiales,Ceramiales Complex: Neoptilota Ptilota Rhodoptilum Pterosiphonia,FTHR,.,.,.,ALGAE,UPC,KEEP,7/1/00,7/1/08,,Previously not recorded; likely due to abundance too low to detect,PRODUCER,HARD,SESSILE,SOLITARY,860,Order,Plantae,Rhodophyta,Florideophyceae,Ceramiales,.,.,.,.CHOV,Chaceia ovoidea,Wart-Neck Piddock,CHOV,.,1.49,5,INVERT,QUAD,KEEP,,,,,PLANKTIVORE,HARD,SESSILE,AGGREGATED,367969,Species,Animalia,Mollusca,Bivalvia,Myida,Pholadidae,Chaceia,.,.CHOV,Chaceia ovoidea,Wart-Neck Piddock,CHOV,.,.,.,INVERT,UPC,KEEP,,,,,PLANKTIVORE,HARD,SESSILE,AGGREGATED,367969,Species,Animalia,Mollusca,Bivalvia,Myida,Pholadidae,Chaceia,.,.CSAT,Cheilotrema saturnum,Black Croaker,CSAT,.,8,42,FISH,FISH,KEEP,,,,,MESOCARNIVORE,HARD,MOBILE,SOLITARY,280137,Species,Animalia,Chordata,Actinopterygii,Perciformes,Sciaenidae,Cheilotrema,.,.CHPR,Chelyosoma productum,Disc-Top Turnicate,CHPR,.,.,.,INVERT,UPC,KEEP,,,,,PLANKTIVORE,HARD,SESSILE,AGGREGATED,250013,Species,Animalia,Chordata,Ascidiacea,Phlebobranchia,Corellidae,Chelyosoma,.,.FG,Chlorophyta,Filamentous green,FG,.,.,.,ALGAE,UPC,KEEP,,,,,PRODUCER,HARD,SESSILE,SOLITARY,801,Phylum,Plantae,Chlorophyta,.,.,.,.,.,.CC,Chondracanthus ,.,CC,.,.,.,ALGAE,DETRITUS,KEEP,,,,,PRODUCER,HARD,SESSILE,SOLITARY,144153,Genus,Plantae,Rhodophyta,Florideophyceae,Gigartinales,Gigartinaceae,Chondracanthus,Mazzaella or Gigartina,californicaCC,Chondracanthus ,.,CC,.,.,.,ALGAE,UPC,KEEP,,,,,PRODUCER,HARD,SESSILE,SOLITARY,144153,Genus,Plantae,Rhodophyta,Florideophyceae,Gigartinales,Gigartinaceae,Chondracanthus,Mazzaella or Gigartina,californicaCZ,Chondracanthus spinosus,.,CZ,.,.,.,ALGAE,DETRITUS,KEEP,,,,,PRODUCER,HARD,SESSILE,SOLITARY,371725,Species,Plantae,Rhodophyta,Florideophyceae,Gigartinales,Gigartinaceae,Chondracanthus,Gigartina,spinosaCZ,Chondracanthus spinosus,.,CZ,.,.,.,ALGAE,UPC,KEEP,,,,,PRODUCER,HARD,SESSILE,SOLITARY,371725,Species,Plantae,Rhodophyta,Florideophyceae,Gigartinales,Gigartinaceae,Chondracanthus,Gigartina,spinosaUT,Chordata,Unidentified compound tunicate,UT,.,.,.,INVERT,UPC,KEEP,,,,,PLANKTIVORE,HARD,SESSILE,AGGREGATED,1821,Phylum,Animalia,Chordata,.,.,.,.,.,.CPUN,Chromis punctipinnis,Blacksmith,CPUN,.,1,45,FISH,FISH,KEEP,,,,,PLANKTIVORE,HARD,MOBILE,SOLITARY,273751,Species,Animalia,Chordata,Actinopterygii,Perciformes,Pomacentridae,Chromis,.,.CSTI,Citharichthys stigmaeus,Speckled Sanddab,CSTI,.,2,16,FISH,CRYPTIC FISH,KEEP,,,,,MESOCARNIVORE,SOFT,MOBILE,SOLITARY,275696,Species,Animalia,Chordata,Actinopterygii,Pleuronectiformes,Paralichthyidae,Citharichthys,.,.CG,Cladophora graminea,.,CG,.,.,.,ALGAE,DETRITUS,KEEP,,,,,PRODUCER,HARD,SESSILE,SOLITARY,371785,Species,Plantae,Chlorophyta,Ulvophyceae,Cladophorales,Cladophoraceae,Cladophora,.,.CG,Cladophora graminea,.,CG,.,.,.,ALGAE,UPC,KEEP,,,,,PRODUCER,HARD,SESSILE,SOLITARY,371785,Species,Plantae,Chlorophyta,Ulvophyceae,Cladophorales,Cladophoraceae,Cladophora,.,.CL,Clavelina,Light Bulb Tunicate,CL,.,.,.,INVERT,UPC,KEEP,,,,,PLANKTIVORE,HARD,SESSILE,SOLITARY,103453,Genus,Animalia,Chordata,Ascidiacea,Aplousobranchia,Clavelinidae,Clavelina,.,.COF,Codium fragile,Dead Man's Fingers,COF,.,.,.,ALGAE,DETRITUS,KEEP,,,,,PRODUCER,HARD,SESSILE,SOLITARY,145086,Species,Plantae,Chlorophyta,Ulvophyceae,Bryopsidales,Codiaceae,Codium,.,.COF,Codium fragile,Dead Man's Fingers,COF,.,.,.,ALGAE,UPC,KEEP,,,,,PRODUCER,HARD,SESSILE,SOLITARY,145086,Species,Plantae,Chlorophyta,Ulvophyceae,Bryopsidales,Codiaceae,Codium,.,.CP,Colpomenia,.,CP,.,.,.,ALGAE,DETRITUS,KEEP,,,,,PRODUCER,HARD,SESSILE,SOLITARY,144253,Genus,Chromista,Ochrophyta,Phaeophyceae,Scytosiphonales,Scytosiphonaceae,Colpomenia,.,.CP,Colpomenia,.,CP,.,.,.,ALGAE,UPC,KEEP,,,,,PRODUCER,HARD,SESSILE,SOLITARY,144253,Genus,Chromista,Ochrophyta,Phaeophyceae,Scytosiphonales,Scytosiphonaceae,Colpomenia,.,.CO,Corallina officinalis,Pink Feather Coralline,CO,.,.,.,ALGAE,DETRITUS,KEEP,,,,,PRODUCER,HARD,SESSILE,SOLITARY,145108,Species,Plantae,Rhodophyta,Florideophyceae,Corallinales,Corallinaceae,Corallina,Corallina,officinalisCO,Corallina officinalis,Pink Feather Coralline,CO,.,.,.,ALGAE,UPC,KEEP,,,,,PRODUCER,HARD,SESSILE,SOLITARY,145108,Species,Plantae,Rhodophyta,Florideophyceae,Corallinales,Corallinaceae,Corallina,Corallina,officinalisEC,Corallinales,Encrusting Coralline,EC,.,.,.,ALGAE,UPC,KEEP,,,,,PRODUCER,HARD,SESSILE,AGGREGATED,15308,Order,Plantae,Rhodophyta,Florideophyceae,Corallinales,.,.,.,.CY,Corynactis californica,Club-Tipped Anemone,CY,.,.,.,INVERT,UPC,KEEP,,,,,PLANKTIVORE,HARD,SESSILE,AGGREGATED,283836,Species,Animalia,Cnidaria,Anthozoa,Corallimorpharia,Corallimorphidae,Corynactis,.,.COTT,Cottidae,Unidentified Sculpin Spp,COTT,.,1,25,FISH,CRYPTIC FISH,KEEP,,,,,MICROCARNIVORE,HARD,MOBILE,SOLITARY,125589,Family,Animalia,Chordata,Actinopterygii,Scorpaeniformes,Cottidae,.,.,.CRGI,Crassadoma gigantea,Rock Scallop,CRGI,.,2,25,INVERT,SWATH,KEEP,,,,,PLANKTIVORE,HARD,SESSILE,SOLITARY,240774,Species,Animalia,Mollusca,Bivalvia,Pectinida,Pectinidae,Crassadoma,Hinnites,giganteusCRGI,Crassadoma gigantea,Rock Scallop,CRGI,.,.,.,INVERT,UPC,KEEP,,,,,PLANKTIVORE,HARD,SESSILE,SOLITARY,240774,Species,Animalia,Mollusca,Bivalvia,Pectinida,Pectinidae,Crassadoma,Hinnites,giganteusCROC,Crisia occidentalis,White Tuft Bryozoans,CROC,.,.,.,INVERT,UPC,KEEP,,,,,PLANKTIVORE,HARD,SESSILE,AGGREGATED,111700,Species,Animalia,Bryozoa,Stenolaemata,Cyclostomatida,Crisiidae,Crisia,.,.CRYP,Cryptopleura,.,CRYP,.,.,.,ALGAE,DETRITUS,KEEP,,,,,PRODUCER,HARD,SESSILE,SOLITARY,143882,Genus,Plantae,Rhodophyta,Florideophyceae,Ceramiales,Delesseriaceae,Cryptopleura,.,.CRYP,Cryptopleura,.,CRYP,.,.,.,ALGAE,UPC,KEEP,7/1/00,7/1/07,,May have been previously misidentified as BF but assumed to be zero,PRODUCER,HARD,SESSILE,SOLITARY,143882,Genus,Plantae,Rhodophyta,Florideophyceae,Ceramiales,Delesseriaceae,Cryptopleura,.,.BF,Cryptopleura ruprechtiana,Grape Tounge,BF,.,.,.,ALGAE,DETRITUS,KEEP,,,,,PRODUCER,HARD,SESSILE,AGGREGATED,372561,Species,Plantae,Rhodophyta,Florideophyceae,Ceramiales,Delesseriaceae,Cryptopleura,Botryoglossum,farlowianumBF,Cryptopleura ruprechtiana,Grape Tounge,BF,.,.,.,ALGAE,UPC,KEEP,,,,,PRODUCER,HARD,SESSILE,AGGREGATED,372561,Species,Plantae,Rhodophyta,Florideophyceae,Ceramiales,Delesseriaceae,Cryptopleura,Botryoglossum,farlowianumCUSP,Cucumaria,.,CUSP,.,0.8,8,INVERT,QUAD,KEEP,,,,,PLANKTIVORE,HARD,SESSILE,SOLITARY,123479,Genus,Animalia,Echinodermata,Holothuroidea,Dendrochirotida,Cucumariidae,Cucumaria,.,.CUSP,Cucumaria,.,CUSP,.,.,.,INVERT,UPC,KEEP,,,,,PLANKTIVORE,HARD,SESSILE,SOLITARY,123479,Genus,Animalia,Echinodermata,Holothuroidea,Dendrochirotida,Cucumariidae,Cucumaria,.,.CUMI,Cucumaria miniata,Red Sea Cucumber,CUMI,.,.,.,INVERT,QUAD,LUMP,,,CUSP,,PLANKTIVORE,HARD,SESSILE,SOLITARY,225807,Species,Animalia,Echinodermata,Holothuroidea,Dendrochirotida,Cucumariidae,Cucumaria,.,.CUMI,Cucumaria miniata,Red Sea Cucumber,CUMI,.,.,.,INVERT,UPC,LUMP,,,CUSP,,PLANKTIVORE,HARD,SESSILE,SOLITARY,225807,Species,Animalia,Echinodermata,Holothuroidea,Dendrochirotida,Cucumariidae,Cucumaria,.,.CUPI,Cucumaria piperata,Salt and Pepper Cucumber,CUPI,.,.,.,INVERT,UPC,KEEP,,,,,PLANKTIVORE,HARD,SESSILE,SOLITARY,529459,Species,Animalia,Echinodermata,Holothuroidea,Dendrochirotida,Cucumariidae,Cucumaria,.,.CUSA,Cucumaria salma,.,CUSA,.,.,.,INVERT,QUAD,LUMP,,,CUSP,,PLANKTIVORE,HARD,SESSILE,SOLITARY,529193,Species,Animalia,Echinodermata,Holothuroidea,Dendrochirotida,Cucumariidae,Cucumaria,.,.CUSA,Cucumaria salma,.,CUSA,.,.,.,INVERT,UPC,LUMP,,,CUSP,,PLANKTIVORE,HARD,SESSILE,SOLITARY,529193,Species,Animalia,Echinodermata,Holothuroidea,Dendrochirotida,Cucumariidae,Cucumaria,.,.CAGG,Cymatogaster aggregata,Shiner Surfperch,CAGG,.,3,28,FISH,FISH,KEEP,,,,,MICROCARNIVORE,HARD,MOBILE,SOLITARY,280461,Species,Animalia,Chordata,Actinopterygii,Perciformes,Embiotocidae,Cymatogaster,.,.ES,Demospongiae,Encrusting sponge,ES,.,.,.,INVERT,UPC,KEEP,,,,,PLANKTIVORE,HARD,SESSILE,AGGREGATED,164811,Class,Animalia,Porifera,Demospongiae,.,.,.,.,.DIL,Dermasterias imbricata,Leather Star,DIL,adult (>2.5cm),2.5,38,INVERT,SWATH,KEEP,,,,,MESOCARNIVORE,HARD,MOBILE,SOLITARY,240771,Species,Animalia,Echinodermata,Asteroidea,Valvatida,Asteropseidae,Dermasterias,.,.DIS,Dermasterias imbricata,Leather Star,DIL,juvenile (<2.5cm),1,2.5,INVERT,QUAD,KEEP,,,,,MESOCARNIVORE,HARD,MOBILE,SOLITARY,240771,Species,Animalia,Echinodermata,Asteroidea,Valvatida,Asteropseidae,Dermasterias,.,.DL,Desmarestia ligulata,Acid Weed,DL,.,.,.,ALGAE,DETRITUS,KEEP,,,,,PRODUCER,HARD,SESSILE,SOLITARY,145309,Species,Chromista,Ochrophyta,Phaeophyceae,Desmarestiales,Desmarestiaceae,Desmarestia,.,.DL,Desmarestia ligulata,Acid Weed,DL,.,.,.,ALGAE,UPC,KEEP,,,,,PRODUCER,HARD,SESSILE,SOLITARY,145309,Species,Chromista,Ochrophyta,Phaeophyceae,Desmarestiales,Desmarestiaceae,Desmarestia,.,.DC,Diaperoforma californica,Southern Staghorn Bryozoan,DC,.,.,.,INVERT,UPC,KEEP,,,,,PLANKTIVORE,HARD,SESSILE,AGGREGATED,472584,Species,Animalia,Bryozoa,Stenolaemata,Cyclostomatida,.,Diaperoforma,Diaperoecia,californicaDU,Dictyopteris undulata,.,DU,.,.,.,ALGAE,UPC,KEEP,,,,,PRODUCER,HARD,SESSILE,SOLITARY,372001,Species,Chromista,Ochrophyta,Phaeophyceae,Dictyotales,Dictyotaceae,Dictyopteris,.,.DP,Dictyota,.,DP,.,.,.,ALGAE,DETRITUS,KEEP,,,,,PRODUCER,HARD,SESSILE,SOLITARY,144086,Genus,Chromista,Ochrophyta,Phaeophyceae,Dictyotales,Dictyotaceae,Dictyota,.,.DP,Dictyota,.,DP,.,.,.,ALGAE,UPC,KEEP,,,,,PRODUCER,HARD,SESSILE,SOLITARY,144086,Genus,Chromista,Ochrophyta,Phaeophyceae,Dictyotales,Dictyotaceae,Dictyota,.,.DISP,Didemnum spp.,,DISP,.,.,.,INVERT,UPC,LUMP,,,UT,,.,.,.,.,.,.,.,.,.,.,.,.,.,.DIOR,Diopatra ornata,Ornate Tube Worm,DIOR,.,.,.,INVERT,QUAD,KEEP,,,,,PLANKTIVORE,SOFT,SESSILE,SOLITARY,326964,Species,Animalia,Annelida,Polychaeta,Eunicida,Onuphidae,Diopatra,.,.DIOR,Diopatra ornata,Ornate Tube Worm,DIOR,.,.,.,INVERT,UPC,KEEP,,,,,PLANKTIVORE,SOFT,SESSILE,SOLITARY,326964,Species,Animalia,Annelida,Polychaeta,Eunicida,Onuphidae,Diopatra,.,.ARUD,Discophyton rudyi,Octocoral,ARUD,.,.,.,INVERT,UPC,KEEP,,,,,PLANKTIVORE,HARD,SESSILE,SOLITARY,289828,Species,Animalia,Cnidaria,Anthozoa,Alcyonacea,Alcyoniidae,Discophyton,.,.DOFE,Dodecaceria fewkesi,Colonial Tube Worm,DOFE,.,.,.,INVERT,UPC,KEEP,,,,,PLANKTIVORE,HARD,SESSILE,SOLITARY,327435,Species,Animalia,Annelida,Polychaeta,Terebellida,Cirratulidae,Dodecaceria,.,.FB,Ectocarpaceae,Filamentous brown & Diatom Mats,FB,.,.,.,ALGAE,DETRITUS,KEEP,,,,,PRODUCER,HARD,SESSILE,AGGREGATED,143717,Family,Chromista,Ochrophyta,Phaeophyceae,Ectocarpales,Ectocarpaceae,.,.,.FB,Ectocarpaceae,Filamentous brown & Diatom Mats,FB,.,.,.,ALGAE,UPC,KEEP,,,,Diatoms added to this category for consistency among years,PRODUCER,HARD,SESSILE,AGGREGATED,143717,Family,Chromista,Ochrophyta,Phaeophyceae,Ectocarpales,Ectocarpaceae,.,.,.EGJ,Egregia menziesii,Feather Boa Kelp,EGME,juvenile (<1m height),.,.,ALGAE,DETRITUS,KEEP,,,,,PRODUCER,HARD,SESSILE,SOLITARY,372502,Species,Chromista,Ochrophyta,Phaeophyceae,Laminariales,Lessoniaceae,Egregia,.,.EGJ,Egregia menziesii,Feather Boa Kelp,EGME,juvenile (<1m height),.,.,ALGAE,QUAD,KEEP,,,,,PRODUCER,HARD,SESSILE,SOLITARY,372502,Species,Chromista,Ochrophyta,Phaeophyceae,Laminariales,Lessoniaceae,Egregia,.,.EGME,Egregia menziesii,Feather Boa Kelp,EGME,(>1m height),.,.,ALGAE,DETRITUS,KEEP,,,,,PRODUCER,HARD,SESSILE,SOLITARY,372502,Species,Chromista,Ochrophyta,Phaeophyceae,Laminariales,Lessoniaceae,Egregia,.,.EGME,Egregia menziesii,Feather Boa Kelp,EGME,(>1m height),1,30,ALGAE,SWATH,KEEP,,,,,PRODUCER,HARD,SESSILE,SOLITARY,372502,Species,Chromista,Ochrophyta,Phaeophyceae,Laminariales,Lessoniaceae,Egregia,.,.EH,Egregia menziesii,.,EH,holdfast,.,.,ALGAE,UPC,KEEP,,,,,PRODUCER,HARD,SESSILE,SOLITARY,372502,Species,Chromista,Ochrophyta,Phaeophyceae,Laminariales,Lessoniaceae,Egregia,.,.EA,Eisenia arborea,Southern Palm Kelp,EA,adult (> 5cm stipe),4,80,ALGAE,SWATH,KEEP,,,,,PRODUCER,HARD,SESSILE,SOLITARY,371990,Species,Chromista,Ochrophyta,Phaeophyceae,Laminariales,Lessoniaceae,Eisenia,.,.EAH,Eisenia arborea,.,EAH,holdfast,.,.,ALGAE,UPC,KEEP,,,,,PRODUCER,HARD,SESSILE,SOLITARY,371990,Species,Chromista,Ochrophyta,Phaeophyceae,Laminariales,Lessoniaceae,Eisenia,.,.EAJ,Eisenia arborea,.,EA,juvenile (< 5cm stipe),.,.,ALGAE,QUAD,KEEP,7/1/00,7/1/04,,added species in 2004; likely absent on mainland,PRODUCER,HARD,SESSILE,SOLITARY,371990,Species,Chromista,Ochrophyta,Phaeophyceae,Laminariales,Lessoniaceae,Eisenia,.,.EMBI,Embiotoca,Unidentified Surfperch Spp.,EMBI,.,4,25,FISH,FISH,KEEP,,,,,MICROCARNIVORE,HARD,MOBILE,SOLITARY,240718,Genus,Animalia,Chordata,Actinopterygii,Perciformes,Embiotocidae,Embiotoca,.,.EJAC,Embiotoca jacksoni,Black Surfperch,EJAC,.,4,40,FISH,FISH,KEEP,,,,,MICROCARNIVORE,HARD,MOBILE,SOLITARY,240746,Species,Animalia,Chordata,Actinopterygii,Perciformes,Embiotocidae,Embiotoca,.,.ELAT,Embiotoca lateralis,Striped Surfperch,ELAT,.,6,30,FISH,FISH,KEEP,,,,,MICROCARNIVORE,HARD,MOBILE,SOLITARY,240740,Species,Animalia,Chordata,Actinopterygii,Perciformes,Embiotocidae,Embiotoca,.,.AR,Eudistoma psammion,Sand Turnicate,AR,.,.,.,INVERT,UPC,KEEP,,,,,PLANKTIVORE,HARD,SESSILE,AGGREGATED,250242,Species,Animalia,Chordata,Ascidiacea,Aplousobranchia,Polycitoridae,Eudistoma,Archidistoma,spp.EUPO,Eudistylia polymorpha,Feather Duster Worm,EUPO,.,0.25,3,INVERT,QUAD,KEEP,7/1/00,1/1/08,,Previously lumped with SABW; Early SABW data are likely predominately EUPO,PLANKTIVORE,HARD,SESSILE,SOLITARY,333269,Species,Animalia,Annelida,Polychaeta,Sabellida,Sabellidae,Eudistylia,.,.EUPO,Eudistylia polymorpha,Feather Duster Worm,EUPO,.,.,.,INVERT,UPC,KEEP,7/1/00,1/1/08,,Previously lumped with SABW; Early SABW data are likely predominately EUPO,PLANKTIVORE,HARD,SESSILE,SOLITARY,333269,Species,Animalia,Annelida,Polychaeta,Sabellida,Sabellidae,Eudistylia,.,.EUCL,Euherdmania claviformis,Tunic-Band Compound Turnicate,EUCL,.,.,.,INVERT,UPC,KEEP,7/1/00,7/1/05,,May have been previously recorded as UT; likely too rare to detect prior to 2005,PLANKTIVORE,HARD,SESSILE,AGGREGATED,250653,Species,Animalia,Chordata,Ascidiacea,Aplousobranchia,Euherdmaniidae,Euherdmania,.,.EUQU,Eupentacta quinquesemita,White Sea Cucumber,EUQU,.,1,8,INVERT,QUAD,KEEP,,,,,PLANKTIVORE,HARD,SESSILE,SOLITARY,529305,Species,Animalia,Echinodermata,Holothuroidea,Dendrochirotida,Sclerodactylidae,Eupentacta,.,.EUQU,Eupentacta quinquesemita,White Sea Cucumber,EUQU,.,.,.,INVERT,UPC,KEEP,,,,,PLANKTIVORE,HARD,SESSILE,SOLITARY,529305,Species,Animalia,Echinodermata,Holothuroidea,Dendrochirotida,Sclerodactylidae,Eupentacta,.,.DIAT,Fragilariaceae,diatom mat,DIAT,.,.,.,ALGAE,UPC,LUMP,7/1/00,7/1/08,FB,Lumped for consistency among years,PRODUCER,HARD,SESSILE,AGGREGATED,148952,Family,Chromista,Ochrophyta,Bacillariophyceae,Fragilariales,Fragilariaceae,.,.,.GAGA,Galeorhinus galeus,Soupfin Shark,GAGA,.,150,300,FISH,FISH,KEEP,,,,,MACROCARNIVORE,.,MOBILE,SOLITARY,105820,Species,Animalia,Chordata,Elasmobranchii,Carcharhiniformes,Triakidae,Galeorhinus,,GEL,Gelidium,.,GEL,.,.,.,ALGAE,UPC,LUMP,7/1/00,7/1/13,GR,May have been scored as GR prior to 2013 so lumped for consistency among years,PRODUCER,HARD,SESSILE,AGGREGATED,144135,Genus,Plantae,Rhodophyta,Florideophyceae,Gelidiales,Gelidiaceae,Gelidium,.,.GR,Gelidium,Agarweed,GR,.,.,.,ALGAE,DETRITUS,KEEP,,,,,PRODUCER,HARD,SESSILE,AGGREGATED,144135,Species,Plantae,Rhodophyta,Florideophyceae,Gelidiales,Gelidiaceae,Gelidium,.,.GR,Gelidium,Agarweed,GR,.,.,.,ALGAE,UPC,KEEP,,,,,PRODUCER,HARD,SESSILE,AGGREGATED,144135,Species,Plantae,Rhodophyta,Florideophyceae,Gelidiales,Gelidiaceae,Gelidium,.,.CLIN,Gibbonsia,Crevice Kelpfish,CLIN,.,2,21,FISH,CRYPTIC FISH,KEEP,,,,,MICROCARNIVORE,HARD,MOBILE,SOLITARY,269206,Genus,Animalia,Chordata,Actinopterygii,Perciformes,Clinidae,Gibbonsia,.,.GNIG,Girella nigricans,Opaleye,GNIG,.,14,66,FISH,FISH,KEEP,,,,,MICROCARNIVORE,HARD,MOBILE,SOLITARY,280865,Species,Animalia,Chordata,Actinopterygii,Perciformes,Kyphosidae,Girella,.,.FASP,Gloiocladia,.,FASP,.,.,.,ALGAE,UPC,KEEP,,,,,PRODUCER,HARD,SESSILE,SOLITARY,144241,Genus,Plantae,Rhodophyta,Florideophyceae,Rhodymeniales,Faucheaceae,Gloiocladia,.,.GS,Gracilaria,.,GS,.,.,.,ALGAE,DETRITUS,KEEP,,,,,PRODUCER,HARD,SESSILE,AGGREGATED,144188,Genus,Plantae,Rhodophyta,Florideophyceae,Gracilariales,Gracilariaceae,Gracilaria,.,.GS,Gracilaria,.,GS,.,.,.,ALGAE,UPC,KEEP,,,,,PRODUCER,HARD,SESSILE,AGGREGATED,144188,Genus,Plantae,Rhodophyta,Florideophyceae,Gracilariales,Gracilariaceae,Gracilaria,.,.GYSP,Gymnogongrus,.,GYSP,.,.,.,ALGAE,DETRITUS,KEEP,,,,,PRODUCER,HARD,SESSILE,SOLITARY,144168,Genus,Plantae,Rhodophyta,Florideophyceae,Gigartinales,Phyllophoraceae,Gymnogongrus,.,.GYSP,Gymnogongrus,.,GYSP,.,.,.,ALGAE,UPC,KEEP,7/1/00,7/1/08,,May have been previously misidentified as R (likely very low abundance),PRODUCER,HARD,SESSILE,SOLITARY,144168,Genus,Plantae,Rhodophyta,Florideophyceae,Gigartinales,Phyllophoraceae,Gymnogongrus,.,.GYMO,Gymnothorax mordax,California Moray,GYMO,.,30,50,FISH,FISH,KEEP,,,,,MACROCARNIVORE,HARD,MOBILE,SOLITARY,271856,Species,Animalia,Chordata,Actinopterygii,Anguilliformes,Muraenidae,Gymnothorax,.,.XCAL,Haemulon californiensis,Salema,XCAL,.,5,20,FISH,FISH,KEEP,,,,,MESOCARNIVORE,SOFT,MOBILE,SOLITARY,1020317,Species,Animalia,Chordata,Actinopterygii,Perciformes,Haemulidae,Haemulon,.,.HADE,Halcampa decemtentaculata,Ten-Tentacle Burrowing Anemone,HADE,.,.,.,INVERT,UPC,KEEP,,,,,PLANKTIVORE,HARD,SESSILE,SOLITARY,283565,Species,Animalia,Cnidaria,Anthozoa,Actiniaria,Halcampidae,Halcampa,.,.HSEM,Halichoeres semicinctus ,Rock Wrasse,HSEM,.,3,40,FISH,FISH,KEEP,,,,,MESOCARNIVORE,HARD,MOBILE,SOLITARY,275798,Species,Animalia,Chordata,Actinopterygii,Perciformes,Labridae,Halichoeres,.,.HACO,Haliotis corrugata,Pink Abalone,HACO,.,5,22,INVERT,SWATH,KEEP,,,,,GRAZER,HARD,MOBILE,SOLITARY,445308,Species,Animalia,Mollusca,Gastropoda,Lepetellida,Haliotidae,Haliotis,.,.HACR,Haliotis cracherodii,Black Abalone,HACR,.,5,20,INVERT,SWATH,KEEP,,,,,GRAZER,HARD,MOBILE,SOLITARY,405012,Species,Animalia,Mollusca,Gastropoda,Lepetellida,Haliotidae,Haliotis,.,.HAKA,Haliotis kamtschatkana,Threaded Abalone,HAKA,.,.,.,INVERT,SWATH,KEEP,,,,,GRAZER,HARD,MOBILE,SOLITARY,405014,Species,Animalia,Mollusca,Gastropoda,Lepetellida,Haliotidae,Haliotis,Haliotis,kamtschatkanaHARU,Haliotis rufescens,Red Abalone,HARU,.,5,28,INVERT,SWATH,KEEP,,,,,GRAZER,HARD,MOBILE,SOLITARY,445357,Species,Animalia,Mollusca,Gastropoda,Lepetellida,Haliotidae,Haliotis,.,.HAGL,Halosaccion glandiforme,Sea Nipples,HAGL,.,.,.,ALGAE,UPC,KEEP,,,,,PRODUCER,HARD,SESSILE,AGGREGATED,372579,Species,Plantae,Rhodophyta,Florideophyceae,Palmariales,Palmariaceae,Halosaccion,.,.HEFR,Heterodontus francisci,Horn Shark,HEFR,.,35,70,FISH,FISH,KEEP,,,,,MACROCARNIVORE,HARD,MOBILE,SOLITARY,276694,Species,Animalia,Chordata,Elasmobranchii,Heterodontiformes,Heterodontidae,Heterodontus,.,.HPAC,Heteropora pacifica,Northern Staghorn Bryozoan,HPAC,.,.,.,INVERT,UPC,KEEP,,,,,PLANKTIVORE,HARD,SESSILE,SOLITARY,718279,Species,Animalia,Bryozoa,Stenolaemata,Cyclostomatida,Heteroporidae,Heteropora,.,.HROS,Heterostichus rostratus,Giant Kelpfish,HROS,juvenile,.,.,FISH,CRYPTIC FISH,REMOVE,,,,,MICROCARNIVORE,HARD,MOBILE,SOLITARY,281075,Species,Animalia,Chordata,Actinopterygii,Perciformes,Clinidae,Heterostichus,.,.HROS,Heterostichus rostratus,Giant Kelpfish,HROS,.,3,36,FISH,FISH,KEEP,,,,,MICROCARNIVORE,HARD,MOBILE,SOLITARY,281075,Species,Animalia,Chordata,Actinopterygii,Perciformes,Clinidae,Heterostichus,.,.HDEC,Hexagrammos decagrammus,Kelp Greenling,HDEC,.,9,45,FISH,FISH,KEEP,,,,,MESOCARNIVORE,HARD,MOBILE,SOLITARY,240732,Species,Animalia,Chordata,Actinopterygii,Scorpaeniformes,Hexagrammidae,Hexagrammos,.,.HEGR,Hexanchus griseus,Sixgill Shark,HEGR,.,100,300,FISH,FISH,KEEP,,,,,MACROCARNIVORE,HARD,MOBILE,SOLITARY,105833,Species,Animalia,Chordata,Elasmobranchii,Hexanchiformes,Hexanchidae,Hexanchus,.,.HART,Hiatella artica,,HART,.,.,.,INVERT,UPC,REMOVE,,,,Rare; possible misidentification,.,.,.,.,.,.,.,.,.,.,.,.,.,.UIH,Hydroidolina,Unidentified hydroid,UIH,.,.,.,INVERT,UPC,KEEP,,,,,PLANKTIVORE,HARD,SESSILE,AGGREGATED,19494,Subclass,Animalia,Cnidaria,Hydrozoa,.,.,.,.,.HARG,Hyperprosopon argenteum,Walleye Surfperch,HARG,.,7,25,FISH,FISH,KEEP,,,,,MICROCARNIVORE,HARD,MOBILE,SOLITARY,281098,Species,Animalia,Chordata,Actinopterygii,Perciformes,Embiotocidae,Hyperprosopon,.,.HCAR,Hypsurus caryi,Rainbow Surfperch,HCAR,.,3,35,FISH,FISH,KEEP,,,,,MICROCARNIVORE,HARD,MOBILE,SOLITARY,240717,Species,Animalia,Chordata,Actinopterygii,Perciformes,Embiotocidae,Hypsurus,.,.HRUB,Hypsypops rubicundus,Garibaldi,HRUB,.,3,42,FISH,FISH,KEEP,,,,,MICROCARNIVORE,HARD,MOBILE,SOLITARY,281130,Species,Animalia,Chordata,Actinopterygii,Perciformes,Pomacentridae,Hypsypops,.,.IR,Iridaea,.,IR,.,.,.,ALGAE,UPC,KEEP,,,,,PRODUCER,HARD,SESSILE,SOLITARY,325520,Genus,Plantae,Rhodophyta,Florideophyceae,Gigartinales,Gigartinaceae,Iridaea,.,.MT,Jellyella tuberculata,Encrusting Bryozoan,MT,.,.,.,INVERT,UPC,KEEP,,,,,PLANKTIVORE,HARD,SESSILE,AGGREGATED,396730,Species,Animalia,Bryozoa,Gymnolaemata,Cheilostomatida,Membraniporidae,Jellyella,.,.KEKE,Kelletia kelletii,Kellet's Welk,KEKE,.,2.5,23,INVERT,SWATH,KEEP,,,,,MICROCARNIVORE,HARD,MOBILE,SOLITARY,491054,Species,Animalia,Mollusca,Gastropoda,Neogastropoda,Buccinidae,Kelletia,.,.SKE,Kelletia kelletii,Kellet's Welk,SKE,.,0.3,2.5,INVERT,QUAD,KEEP,,,,,MICROCARNIVORE,HARD,MOBILE,SOLITARY,491054,Species,Animalia,Mollusca,Gastropoda,Neogastropoda,Buccinidae,Kelletia,.,.LAFA,Laminaria farlowii,Oar Weed,LAFA,(adult >15cm bld width),.,.,ALGAE,DETRITUS,KEEP,,,,,PRODUCER,HARD,SESSILE,SOLITARY,372698,Species,Chromista,Ochrophyta,Phaeophyceae,Laminariales,Laminariaceae,Laminaria,.,.LAFA,Laminaria farlowii,Oar Weed,LAFA,(adult >15cm bld width),15,250,ALGAE,SWATH,KEEP,,,,,PRODUCER,HARD,SESSILE,SOLITARY,372698,Species,Chromista,Ochrophyta,Phaeophyceae,Laminariales,Laminariaceae,Laminaria,.,.LFJ,Laminaria farlowii,.,LAFA,juvenile (<15cm bld width),.,.,ALGAE,QUAD,KEEP,,,,,PRODUCER,HARD,SESSILE,SOLITARY,372698,Species,Chromista,Ochrophyta,Phaeophyceae,Laminariales,Laminariaceae,Laminaria,.,.LH,Laminaria farlowii,.,LH,holdfast,.,.,ALGAE,UPC,KEEP,,,,,PRODUCER,HARD,SESSILE,SOLITARY,372698,Species,Chromista,Ochrophyta,Phaeophyceae,Laminariales,Laminariaceae,Laminaria,.,.LS,Laurencia,.,LS,.,.,.,ALGAE,DETRITUS,KEEP,,,,,PRODUCER,HARD,SESSILE,AGGREGATED,143914,Genus,Plantae,Rhodophyta,Florideophyceae,Ceramiales,Rhodomelaceae,Laurencia,.,.LS,Laurencia,.,LS,.,.,.,ALGAE,UPC,KEEP,,,,,PRODUCER,HARD,SESSILE,AGGREGATED,143914,Genus,Plantae,Rhodophyta,Florideophyceae,Ceramiales,Rhodomelaceae,Laurencia,.,.LHIR,Leiocottus hirundo,Lavender Sculpin,LHIR,.,3,35,FISH,CRYPTIC FISH,KEEP,,,,,MICROCARNIVORE,HARD,MOBILE,SOLITARY,281282,Species,Animalia,Chordata,Actinopterygii,Scorpaeniformes,Cottidae,Leiocottus,.,.LOCH,Leptogorgia chilensis,Red Gorgonian,LOCH,.,3,61,INVERT,SWATH,KEEP,,,,,PLANKTIVORE,HARD,SESSILE,SOLITARY,286222,Species,Animalia,Cnidaria,Anthozoa,Alcyonacea,Gorgoniidae,Leptogorgia,Lophogorgia,chilensisLOCH,Leptogorgia chilensis,Red Gorgonian,LOCH,.,.,.,INVERT,UPC,KEEP,,,,,PLANKTIVORE,HARD,SESSILE,SOLITARY,286222,Species,Animalia,Cnidaria,Anthozoa,Alcyonacea,Gorgoniidae,Leptogorgia,Lophogorgia,chilensisBLD,Lessoniaceae,Blade Unidentified kelp juveniles,BLD,juvenile (<3cm height),0.5,3,ALGAE,QUAD,KEEP,,,,,PRODUCER,HARD,SESSILE,SOLITARY,196198,Family,Chromista,Ochrophyta,Phaeophyceae,Laminariales,Lessoniaceae,.,.,.BLD,Lessoniaceae,Blade Unidentified kelp juveniles,BLD,juvenile (<3cm height),.,.,ALGAE,UPC,KEEP,,,,,PRODUCER,HARD,SESSILE,SOLITARY,196198,Family,Chromista,Ochrophyta,Phaeophyceae,Laminariales,Lessoniaceae,.,.,.LNUT,Leucilla nuttingi,Urn Sponge,LNUT,.,.,.,INVERT,UPC,KEEP,,,,,PLANKTIVORE,HARD,SESSILE,AGGREGATED,164219,Species,Animalia,Porifera,Calcarea,Leucosolenida,Amphoriscidae,Leucilla,.,.LINU,Lissothuria nutriens,Scarlet Sea Cucumber,LINU,.,.,.,INVERT,UPC,KEEP,,,,,PLANKTIVORE,HARD,SESSILE,SOLITARY,529527,Species,Animalia,Echinodermata,Holothuroidea,Dendrochirotida,Psolidae,Lissothuria,.,.LIGL,Lithopoma,Wavey Turbin Snail,LIGL,adult (>9 cm),9,20,INVERT,SWATH,KEEP,,,,,GRAZER,HARD,MOBILE,SOLITARY,240760,Genus,Animalia,Mollusca,Gastropoda,Trochida,Turbinidae,Lithopoma,.,.LIGS,Lithopoma,Wavey Turbin Snail,LIGL,juvenile (<9 cm),1,8.9,INVERT,QUAD,KEEP,,,,,GRAZER,HARD,MOBILE,SOLITARY,240760,Genus,Animalia,Mollusca,Gastropoda,Trochida,Turbinidae,Lithopoma,.,.LIUL,Lithopoma undosum,Smooth Turbin Snail,LIUL,adult (>9 cm),.,.,INVERT,SWATH,LUMP,,,LIGL,,GRAZER,HARD,MOBILE,SOLITARY,240760,Genus,Animalia,Mollusca,Gastropoda,Trochida,Turbinidae,Lithopoma,.,.LIUS,Lithopoma undosum,Smooth Turbin Snail,LIUL,juvenile (<9 cm),.,.,INVERT,QUAD,LUMP,,,LIGS,,GRAZER,HARD,MOBILE,SOLITARY,240760,Genus,Animalia,Mollusca,Gastropoda,Trochida,Turbinidae,Lithopoma,.,.LI,Lithothrix,Stone Hair,LI,.,.,.,ALGAE,UPC,KEEP,,,,,PRODUCER,HARD,SESSILE,SOLITARY,369846,Genus,Plantae,Rhodophyta,Florideophyceae,Corallinales,Corallinaceae,Lithothrix,.,.LOGR,Loxorhynchus grandis,Sheep Crab,LOGR,.,6,40,INVERT,SWATH,KEEP,,,,,MESOCARNIVORE,HARD,MOBILE,SOLITARY,441602,Species,Animalia,Arthropoda,Malacostraca,Decapoda,Epialtidae,Loxorhynchus,.,.LA,Lytechinus pictus,White Sea Urchin,LA,.,1,6,INVERT,QUAD,KEEP,,,,,GRAZER,HARD,MOBILE,SOLITARY,513378,Species,Animalia,Echinodermata,Echinoidea,Camarodonta,Toxopneustidae,Lytechinus,.,.LDAL,Lythrypnus dalli,Bluebanded Goby,LDAL,.,2,12,FISH,CRYPTIC FISH,KEEP,,,,,MICROCARNIVORE,HARD,MOBILE,SOLITARY,281457,Species,Animalia,Chordata,Actinopterygii,Perciformes,Gobiidae,Lythrypnus,.,.DMH,Macrocystis pyrifera,Dead Macrocystis Holdfast,DMH,dead holdfast,.,.,ALGAE,DETRITUS,KEEP,,,,,PRODUCER,HARD,SESSILE,SOLITARY,232231,Species,Chromista,Ochrophyta,Phaeophyceae,Laminariales,Laminariaceae,Macrocystis,.,.DMH,Macrocystis pyrifera,Dead Macrocystis Holdfast,DMH,dead holdfast,.,.,ALGAE,UPC,NA-FILL,7/1/00,1/1/08,,Previously not recorded; ,PRODUCER,HARD,SESSILE,SOLITARY,232231,Species,Chromista,Ochrophyta,Phaeophyceae,Laminariales,Laminariaceae,Macrocystis,.,.MAPY,Macrocystis pyrifera,Giant Kelp,MAPY,adult,.,.,ALGAE,DETRITUS,KEEP,,,,,PRODUCER,HARD,SESSILE,SOLITARY,232231,Species,Chromista,Ochrophyta,Phaeophyceae,Laminariales,Laminariaceae,Macrocystis,.,.MAPY,Macrocystis pyrifera,Giant Kelp,MAPY,adult,.,.,ALGAE,KELP,KEEP,,,,,PRODUCER,HARD,SESSILE,SOLITARY,232231,Species,Chromista,Ochrophyta,Phaeophyceae,Laminariales,Laminariaceae,Macrocystis,.,.MH,Macrocystis pyrifera,Giant Kelp Holdfast,MAPY,holdfast,.,.,ALGAE,DETRITUS,KEEP,,,,,PRODUCER,HARD,SESSILE,SOLITARY,232231,Species,Chromista,Ochrophyta,Phaeophyceae,Laminariales,Laminariaceae,Macrocystis,.,.MH,Macrocystis pyrifera,Giant Kelp Holdfast,MAPY,holdfast,.,.,ALGAE,UPC,KEEP,,,,,PRODUCER,HARD,SESSILE,SOLITARY,232231,Species,Chromista,Ochrophyta,Phaeophyceae,Laminariales,Laminariaceae,Macrocystis,.,.MPJ,Macrocystis pyrifera,Kelp,MAPY,juvenile (<1m height),.,.,ALGAE,DETRITUS,KEEP,,,,,PRODUCER,HARD,SESSILE,SOLITARY,232231,Species,Chromista,Ochrophyta,Phaeophyceae,Laminariales,Laminariaceae,Macrocystis,.,.MPJ,Macrocystis pyrifera,Kelp,MAPY,juvenile (<1m height),3,99,ALGAE,QUAD,KEEP,,,,,PRODUCER,HARD,SESSILE,SOLITARY,232231,Species,Chromista,Ochrophyta,Phaeophyceae,Laminariales,Laminariaceae,Macrocystis,.,.MPJ33,Macrocystis pyrifera,Kelp,MAPY,juvenile (0-33cm height),.,.,ALGAE,QUAD,LUMP,,,MPJ,,PRODUCER,HARD,SESSILE,SOLITARY,232231,Species,Chromista,Ochrophyta,Phaeophyceae,Laminariales,Laminariaceae,Macrocystis,.,.MPJ66,Macrocystis pyrifera,Kelp,MAPY,juvenile (33.1-66 cm height),.,.,ALGAE,QUAD,LUMP,,,MPJ,,PRODUCER,HARD,SESSILE,SOLITARY,232231,Species,Chromista,Ochrophyta,Phaeophyceae,Laminariales,Laminariaceae,Macrocystis,.,.MPJ99,Macrocystis pyrifera,Kelp,MAPY,juvenile (66.1-99 cm height),.,.,ALGAE,QUAD,LUMP,,,MPJ,,PRODUCER,HARD,SESSILE,SOLITARY,232231,Species,Chromista,Ochrophyta,Phaeophyceae,Laminariales,Laminariaceae,Macrocystis,.,.MPS,Macrocystis pyrifera,Giant Kelp subadult,MAPY,stipe,.,.,ALGAE,DETRITUS,KEEP,,,,,PRODUCER,HARD,SESSILE,SOLITARY,232231,Species,Chromista,Ochrophyta,Phaeophyceae,Laminariales,Laminariaceae,Macrocystis,.,.MPS,Macrocystis pyrifera,Giant Kelp subadult,MAPY,stipe,.,.,ALGAE,KELP,KEEP,,,,This code was original surveyed in swath from 2000 to 2006; later get merged into the kelp survey,PRODUCER,HARD,SESSILE,SOLITARY,232231,Species,Chromista,Ochrophyta,Phaeophyceae,Laminariales,Laminariaceae,Macrocystis,.,.MPS,Macrocystis pyrifera,Giant Kelp subadult,MAPY,subadult,.,.,ALGAE,SWATH,REMOVE,,,,Remove from swath and add to kelp survey,PRODUCER,HARD,SESSILE,SOLITARY,232231,Species,Chromista,Ochrophyta,Phaeophyceae,Laminariales,Laminariaceae,Macrocystis,.,.MCAL,Medialuna californiensis,Halfmoon,MCAL,.,11,45,FISH,FISH,KEEP,,,,,MICROCARNIVORE,HARD,MOBILE,SOLITARY,281541,Species,Animalia,Chordata,Actinopterygii,Perciformes,Kyphosidae,Medialuna,.,.MEAE,Mediaster,,MEAE,,.,.,INVERT,SWATH,REMOVE,,,,,.,.,.,.,.,.,.,.,.,.,.,.,.,.BA,Megabalanus californicus,Barnacles,BA,.,.,.,INVERT,UPC,KEEP,,,,,PLANKTIVORE,HARD,SESSILE,AGGREGATED,394981,Species,Animalia,Arthropoda,Hexanauplia,Sessilia,Balanidae,Megabalanus,Megabalanus,californicusMECR,Megathura crenulata,Giant Key Hole Limpet,MECR,.,4,25,INVERT,SWATH,KEEP,,,,,GRAZER,HARD,MOBILE,SOLITARY,527885,Species,Animalia,Mollusca,Gastropoda,Lepetellida,Fissurellidae,Megathura,.,.SFL,Mesocentrotus franciscanus,Red Urchin,SFL,adult (>=2.5cm),2.5,15,INVERT,QUAD,KEEP,,,,,GRAZER,HARD,MOBILE,SOLITARY,591102,Species,Animalia,Echinodermata,Echinoidea,Camarodonta,Strongylocentrotidae,Mesocentrotus,Strongylocentrotus,franciscanusSFL,Mesocentrotus franciscanus,Red Urchin,SFL,adult (>=2.5cm),2.5,15,INVERT,URCHINS,KEEP,,,,,GRAZER,HARD,MOBILE,SOLITARY,591102,Species,Animalia,Echinodermata,Echinoidea,Camarodonta,Strongylocentrotidae,Mesocentrotus,Strongylocentrotus,franciscanusSFS,Mesocentrotus franciscanus,Red Urchin,SFL,juvenile (<2.5cm),1,2.49,INVERT,QUAD,KEEP,,,,,GRAZER,HARD,MOBILE,SOLITARY,591102,Species,Animalia,Echinodermata,Echinoidea,Camarodonta,Strongylocentrotidae,Mesocentrotus,Strongylocentrotus,franciscanusSFS,Mesocentrotus franciscanus,Red Urchin,SFL,juvenile (<2.5cm),1,2.49,INVERT,URCHINS,KEEP,,,,,GRAZER,HARD,MOBILE,SOLITARY,591102,Species,Animalia,Echinodermata,Echinoidea,Camarodonta,Strongylocentrotidae,Mesocentrotus,Strongylocentrotus,franciscanusMISE,Metridium dianthus,Clonal Plumose Anemone,MISE,.,.,.,INVERT,UPC,KEEP,,,,,PLANKTIVORE,HARD,SESSILE,AGGREGATED,158251,Species,Animalia,Cnidaria,Anthozoa,Actiniaria,Metridiidae,Metridium,.,.MIID,Mitra idae,Ida's Mitre,MIID,.,0.25,7,INVERT,QUAD,KEEP,,,,,MICROCARNIVORE,HARD,MOBILE,SOLITARY,416832,Species,Animalia,Mollusca,Gastropoda,Neogastropoda,Mitridae,Mitra,.,.MUCA,Muricea californica,California Golden Gorgonian,MUCA,adult (> 5cm),2,67,INVERT,SWATH,KEEP,,,,,PLANKTIVORE,HARD,SESSILE,SOLITARY,287556,Species,Animalia,Cnidaria,Anthozoa,Alcyonacea,Plexauridae,Muricea,.,.MUCA,Muricea californica,California Golden Gorgonian,MUCA,any size,.,.,INVERT,UPC,KEEP,,,,,PLANKTIVORE,HARD,SESSILE,SOLITARY,287556,Species,Animalia,Cnidaria,Anthozoa,Alcyonacea,Plexauridae,Muricea,.,.MUCAJ,Muricea californica,California Golden Gorgonian,MUCA,juvenile (<5cm),1,4.9,INVERT,QUAD,KEEP,,,,,PLANKTIVORE,HARD,SESSILE,SOLITARY,287556,Species,Animalia,Cnidaria,Anthozoa,Alcyonacea,Plexauridae,Muricea,.,.MUFR,Muricea fruticosa,Brown Gorgonian,MUFR,.,3,60,INVERT,UPC,KEEP,,,,FIRST COUNTED 11/2018,PLANKTIVORE,HARD,SESSILE,SOLITARY,287562,Species,Animalia,Cnidaria,Anthozoa,Alcyonacea,Plexauridae,Muricea,.,.MUFR,Muricea fruticosa,Brown Gorgonian,MUFR,.,3,60,INVERT,SWATH,KEEP,,,,,PLANKTIVORE,HARD,SESSILE,SOLITARY,287562,Species,Animalia,Cnidaria,Anthozoa,Alcyonacea,Plexauridae,Muricea,.,.BRAY,Myliobatis californica,Bat Ray,BRAY,.,30,150,FISH,FISH,KEEP,,,,,MESOCARNIVORE,SOFT,MOBILE,SOLITARY,271485,Species,Animalia,Chordata,Elasmobranchii,Myliobatiformes,Myliobatidae,Myliobatis,.,.MC,Mytilus californianus,California Mussel,MC,.,.,.,INVERT,UPC,KEEP,,,,,PLANKTIVORE,HARD,SESSILE,SOLITARY,367837,Species,Animalia,Mollusca,Bivalvia,Mytilida,Mytilidae,Mytilus,.,.CYSP,Neobernaya spadicea,Chestnut Cowry,CYSP,.,2,8,INVERT,QUAD,KEEP,,,,,GRAZER,HARD,MOBILE,SOLITARY,580674,Species,Animalia,Mollusca,Gastropoda,Littorinimorpha,Cypraeidae,Neobernaya,.,.NBLA,Neoclinus blanchardi ,Sarcastic Fringehead,NBLA,.,3,20,FISH,CRYPTIC FISH,KEEP,,,,,MICROCARNIVORE,HARD,MOBILE,SOLITARY,281679,Species,Animalia,Chordata,Actinopterygii,Perciformes,Chaenopsidae,Neoclinus,.,.NA,Nienburgia andersoniana,.,NA,.,.,.,ALGAE,DETRITUS,KEEP,,,,,PRODUCER,HARD,SESSILE,AGGREGATED,372617,Species,Plantae,Rhodophyta,Florideophyceae,Ceramiales,Delesseriaceae,Nienburgia,.,.NA,Nienburgia andersoniana,.,NA,.,.,.,ALGAE,UPC,KEEP,,,,,PRODUCER,HARD,SESSILE,AGGREGATED,372617,Species,Plantae,Rhodophyta,Florideophyceae,Ceramiales,Delesseriaceae,Nienburgia,.,.NONO,Norrisia norrisii,Norris's Topsnail,NONO,.,1,7,INVERT,QUAD,KEEP,,,,,GRAZER,HARD,MOBILE,SOLITARY,534181,Species,Animalia,Mollusca,Gastropoda,Trochida,Tegulidae,Norrisia,.,.OBSP,Obelia,Wine-Glass Hydroid,OBSP,.,.,.,INVERT,UPC,KEEP,7/1/00,7/1/05,,May have been previously recorded as UIH; likely too rare to detect prior to 2005,PLANKTIVORE,HARD,SESSILE,AGGREGATED,117034,Genus,Animalia,Cnidaria,Hydrozoa,Leptothecata,Campanulariidae,Obelia,.,.OCTO,Octopus,.,OCTO,.,.,.,INVERT,QUAD,REMOVE,,,,Count added to swath data - usually in the field ,MACROCARNIVORE,HARD,MOBILE,SOLITARY,138268,Genus,Animalia,Mollusca,Cephalopoda,Octopoda,Octopodidae,Octopus,.,.OCTO,Octopus,.,OCTO,.,4,52,INVERT,SWATH,KEEP,,,,,MACROCARNIVORE,HARD,MOBILE,SOLITARY,138268,Genus,Animalia,Mollusca,Cephalopoda,Octopoda,Octopodidae,Octopus,.,.OELO,Ophiodon elongatus,Lingcod,OELO,.,20,80,FISH,FISH,KEEP,,,,,MACROCARNIVORE,HARD,MOBILE,SOLITARY,240745,Species,Animalia,Chordata,Actinopterygii,Scorpaeniformes,Hexagrammidae,Ophiodon,.,.OPES,Ophioplocus esmarki,Smooth Brittle Star,OPES,.,1,6,INVERT,QUAD,KEEP,,,,,PLANKTIVORE,HARD,MOBILE,SOLITARY,243980,Species,Animalia,Echinodermata,Ophiuroidea,Ophiurida,Ophiolepididae,Ophioplocus,.,.OPES,Ophioplocus esmarki,Smooth Brittle Star,OPES,.,.,.,INVERT,UPC,KEEP,,,,,PLANKTIVORE,HARD,MOBILE,SOLITARY,243980,Species,Animalia,Echinodermata,Ophiuroidea,Ophiurida,Ophiolepididae,Ophioplocus,.,.OPSP,Ophiothrix spiculata,Spiny Brittle Star,OPSP,.,0.25,6,INVERT,QUAD,KEEP,,,,,PLANKTIVORE,HARD,MOBILE,SOLITARY,244192,Species,Animalia,Echinodermata,Ophiuroidea,Ophiurida,Ophiotrichidae,Ophiothrix,.,.OKL,Orthasterias koehleri,Rainbow Star,OKL,adult (>=2.5cm),2.5,25,INVERT,SWATH,KEEP,,,,,MESOCARNIVORE,HARD,MOBILE,SOLITARY,255048,Species,Animalia,Echinodermata,Asteroidea,Forcipulatida,Asteriidae,Orthasterias,.,.OKS,Orthasterias koehleri,Rainbow Star,OKL,juvenile (<2.5cm),1,2.5,INVERT,QUAD,KEEP,,,,,MESOCARNIVORE,HARD,MOBILE,SOLITARY,255048,Species,Animalia,Echinodermata,Asteroidea,Forcipulatida,Asteriidae,Orthasterias,.,.LX,Osmundea spectabilis,.,LX,.,.,.,ALGAE,UPC,KEEP,,,,,PRODUCER,HARD,SESSILE,AGGREGATED,372624,Species,Plantae,Rhodophyta,Florideophyceae,Ceramiales,Rhodomelaceae,Osmundea,Laurencia,spectabilisOCAL,Oxyjulis californica,Senorita,OCAL,.,2,30,FISH,FISH,KEEP,,,,,MICROCARNIVORE,HARD,MOBILE,SOLITARY,240727,Species,Animalia,Chordata,Actinopterygii,Perciformes,Labridae,Oxyjulis,.,.OPIC,Oxylebius pictus,Painted Greenling,OPIC,.,1,20,FISH,CRYPTIC FISH,KEEP,,,,,MICROCARNIVORE,HARD,MOBILE,SOLITARY,240743,Species,Animalia,Chordata,Actinopterygii,Scorpaeniformes,Hexagrammidae,Oxylebius,.,.PAFI,Pachycerianthus fimbriatus,Tube Dwelling Anemone,PAFI,.,1,5,INVERT,QUAD,KEEP,,,,,PLANKTIVORE,SOFT,SESSILE,SOLITARY,283820,Species,Animalia,Cnidaria,Anthozoa,Spirularia,Cerianthidae,Pachycerianthus,.,.PAFI,Pachycerianthus fimbriatus,Tube Dwelling Anemone,PAFI,.,.,.,INVERT,UPC,KEEP,,,,,PLANKTIVORE,SOFT,SESSILE,SOLITARY,283820,Species,Animalia,Cnidaria,Anthozoa,Spirularia,Cerianthidae,Pachycerianthus,.,.PRUB,Pachythyone rubra,.,PRUB,.,0.5,43,INVERT,QUAD,KEEP,7/1/00,7/1/07,,Previously not recorded in quads; rare on mainland,PLANKTIVORE,HARD,SESSILE,SOLITARY,529582,Species,Animalia,Echinodermata,Holothuroidea,Dendrochirotida,Sclerodactylidae,Pachythyone,.,.PRUB,Pachythyone rubra,.,PRUB,.,.,.,INVERT,UPC,KEEP,,,,,PLANKTIVORE,HARD,SESSILE,SOLITARY,529582,Species,Animalia,Echinodermata,Holothuroidea,Dendrochirotida,Sclerodactylidae,Pachythyone,.,.PAIN,Panulirus interruptus,California Spiny Lobster,PAIN,.,2.5,15,INVERT,SWATH,KEEP,,,,,MESOCARNIVORE,HARD,MOBILE,SOLITARY,382898,Species,Animalia,Arthropoda,Malacostraca,Decapoda,Palinuridae,Panulirus,.,.PAST,Paracyathus stearnsi,Brown Cup Coral,PAST,.,0.5,2,INVERT,QUAD,KEEP,,,,,PLANKTIVORE,HARD,SESSILE,SOLITARY,286830,Species,Animalia,Cnidaria,Anthozoa,Scleractinia,Caryophylliidae,Paracyathus,.,.PAST,Paracyathus stearnsi,Brown Cup Coral,PAST,.,.,.,INVERT,UPC,KEEP,,,,,PLANKTIVORE,HARD,SESSILE,SOLITARY,286830,Species,Animalia,Cnidaria,Anthozoa,Scleractinia,Caryophylliidae,Paracyathus,.,.PCLA,Paralabrax clathratus,Kelp Bass,PCLA,.,4,70,FISH,FISH,KEEP,,,,,MACROCARNIVORE,HARD,MOBILE,SOLITARY,282054,Species,Animalia,Chordata,Actinopterygii,Perciformes,Serranidae,Paralabrax,.,.PNEB,Paralabrax nebulifer,Barred Sandbass,PNEB,.,4,65,FISH,FISH,KEEP,,,,,MACROCARNIVORE,HARD,MOBILE,SOLITARY,282059,Species,Animalia,Chordata,Actinopterygii,Perciformes,Serranidae,Paralabrax,.,.PCAL,Paralichthys californicus,California Halibut,PCAL,.,10,105,FISH,FISH,KEEP,,,,,MACROCARNIVORE,SOFT,MOBILE,SOLITARY,275809,Species,Animalia,Chordata,Actinopterygii,Pleuronectiformes,Paralichthyidae,Paralichthys,.,.PACA,Parapholas californica,Scaleside Piddock,PACA,.,0.1,4.5,INVERT,QUAD,KEEP,,,,,PLANKTIVORE,HARD,SESSILE,SOLITARY,507009,Species,Animalia,Mollusca,Bivalvia,Myida,Pholadidae,Parapholas,.,.PACA,Parapholas californica,Scaleside Piddock,PACA,.,.,.,INVERT,UPC,KEEP,,,,,PLANKTIVORE,HARD,SESSILE,SOLITARY,507009,Species,Animalia,Mollusca,Bivalvia,Myida,Pholadidae,Parapholas,.,.AML,Patiria miniata,Bat Star,AML,adult (>=2.5cm),2.5,21,INVERT,SWATH,KEEP,,,,,MESOCARNIVORE,HARD,MOBILE,SOLITARY,382131,Species,Animalia,Echinodermata,Asteroidea,Valvatida,Asterinidae,Patiria,Asterina,miniataAMLD,Patiria miniata,Bat Star Wasting Disease,AML,.,.,.,INVERT,SWATH,REMOVE,,,,Remove - diseased sea stars should be included in total count AND counted separately,MESOCARNIVORE,HARD,MOBILE,SOLITARY,382131,Species,Animalia,Echinodermata,Asteroidea,Valvatida,Asterinidae,Patiria,Asterina,miniataAMS,Patiria miniata,Bat Star,AML,juvenile (<2.5cm),1,2.49,INVERT,QUAD,KEEP,,,,,MESOCARNIVORE,HARD,MOBILE,SOLITARY,382131,Species,Animalia,Echinodermata,Asteroidea,Valvatida,Asterinidae,Patiria,Asterina,miniataUBB,Phaeophyceae,Unidentified brown blade,UBB,.,.,.,ALGAE,DETRITUS,KEEP,,,,,PRODUCER,HARD,SESSILE,SOLITARY,830,Class,Chromista,Ochrophyta,Phaeophyceae,.,.,.,.,.UBB,Phaeophyceae,Unidentified brown blade,UBB,.,.,.,ALGAE,UPC,KEEP,,,,,PRODUCER,HARD,SESSILE,SOLITARY,830,Class,Chromista,Ochrophyta,Phaeophyceae,.,.,.,.,.PFUR,Phanerodon furcatus,White Surfperch,PFUR,.,4,40,FISH,FISH,KEEP,,,,,MICROCARNIVORE,HARD,MOBILE,SOLITARY,240730,Species,Animalia,Chordata,Actinopterygii,Perciformes,Embiotocidae,Phanerodon,.,.PLAB,Phidolopora labiata,Lattice-Work Bryozoan,PLAB,.,.,.,INVERT,UPC,KEEP,,,,,PLANKTIVORE,HARD,SESSILE,AGGREGATED,711852,Species,Animalia,Bryozoa,Gymnolaemata,Cheilostomatida,Phidoloporidae,Phidolopora,.,.PU,Pholadidae,Pholad Unidentified,PU,.,0.1,3,INVERT,QUAD,REMOVE,7/1/00,8/1/15,,Previously not actively recorded; sampling error of these may contribute to variability of clam abundance,PLANKTIVORE,HARD,SESSILE,SOLITARY,252,Family,Animalia,Mollusca,Bivalvia,Myida,Pholadidae,.,.,.PU,Pholadidae,Pholad Unidentified,PU,.,.,.,INVERT,UPC,REMOVE,,,,Not counted in early years - removed for consistency,PLANKTIVORE,HARD,SESSILE,SOLITARY,252,Family,Animalia,Mollusca,Bivalvia,Myida,Pholadidae,.,.,.PHOR,Phoronida,Phoronid,PHOR,.,.,.,INVERT,UPC,KEEP,7/1/00,7/1/10,,newly added spp; absent or too rare to detect prior to 2010,PLANKTIVORE,HARD,SESSILE,AGGREGATED,1789,Phylum,Animalia,Phoronida,.,.,.,.,.,.PA,Phragmatopoma californica,Colonial Sand Tube Worm,PA,.,.,.,INVERT,UPC,KEEP,,,,,PLANKTIVORE,HARD,SESSILE,AGGREGATED,334501,Species,Animalia,Annelida,Polychaeta,.,Sabellariidae,Phragmatopoma,.,.PHSE,Phycodrys setchellii,.,PHSE,.,.,.,ALGAE,UPC,KEEP,,,,,PRODUCER,HARD,SESSILE,SOLITARY,372630,Species,Plantae,Rhodophyta,Florideophyceae,Ceramiales,Delesseriaceae,Phycodrys,.,.PHSP,Phyllactis,Sand Anemone,PHSP,.,.,.,INVERT,UPC,KEEP,7/1/00,7/1/06,,May have been previously recorded as UNAN,PLANKTIVORE,HARD,SESSILE,AGGREGATED,267737,Genus,Animalia,Cnidaria,Anthozoa,Actiniaria,Actiniidae,Phyllactis,.,.PHTO,Phyllospadix torreyi,Surfgrass,PHTO,.,.,.,ALGAE,DETRITUS,KEEP,,,,,PRODUCER,HARD,SESSILE,AGGREGATED,374709,Species,Plantae,Tracheophyta,Magnoliopsida,Alismatales,Cymodoceaceae,Phyllospadix,.,.PHTO,Phyllospadix torreyi,Surfgrass,PHTO,.,.,.,ALGAE,UPC,KEEP,,,,,PRODUCER,HARD,SESSILE,AGGREGATED,374709,Species,Plantae,Tracheophyta,Magnoliopsida,Alismatales,Cymodoceaceae,Phyllospadix,.,.PISP,Pikea spp.,,PISP,.,.,.,ALGAE,UPC,LUMP,,,FTHR,,.,.,.,.,.,.,.,.,.,.,.,.,.,.PBL,Pisaster brevispinus,Short Spined Sea Star,PBL,adult (>=2.5cm),2.5,50,INVERT,SWATH,KEEP,,,,,MESOCARNIVORE,HARD,MOBILE,SOLITARY,240757,Species,Animalia,Echinodermata,Asteroidea,Forcipulatida,Asteriidae,Pisaster,.,.PBS,Pisaster brevispinus,Short Spined Sea Star,PBL,juvenile (<2.5cm),1,2.5,INVERT,QUAD,KEEP,,,,,MESOCARNIVORE,HARD,MOBILE,SOLITARY,240757,Species,Animalia,Echinodermata,Asteroidea,Forcipulatida,Asteriidae,Pisaster,.,.PGL,Pisaster giganteus,Giant Spined Sea Star,PGL,adult (>=2.5cm),2.5,57,INVERT,SWATH,KEEP,,,,,MESOCARNIVORE,HARD,MOBILE,SOLITARY,240758,Species,Animalia,Echinodermata,Asteroidea,Forcipulatida,Asteriidae,Pisaster,.,.PGLD,Pisaster giganteus,Giant Spined Sea Star Wasting Disease,PGL,adult (>=2.5cm),.,.,INVERT,SWATH,REMOVE,,,,Remove - diseased sea stars should be included in total count AND counted separately,MESOCARNIVORE,HARD,MOBILE,SOLITARY,240758,Species,Animalia,Echinodermata,Asteroidea,Forcipulatida,Asteriidae,Pisaster,.,.PGS,Pisaster giganteus,Giant Spined Sea Star,PGL,juvenile (<2.5cm),1,2.5,INVERT,QUAD,KEEP,,,,,MESOCARNIVORE,HARD,MOBILE,SOLITARY,240758,Species,Animalia,Echinodermata,Asteroidea,Forcipulatida,Asteriidae,Pisaster,.,.POL,Pisaster ochraceus,Ochre sea star,POL,adult (>=2.5cm),2.5,50,INVERT,SWATH,KEEP,,,,,MESOCARNIVORE,HARD,MOBILE,SOLITARY,240755,Species,Animalia,Echinodermata,Asteroidea,Forcipulatida,Asteriidae,Pisaster,.,.POS,Pisaster ochraceus,Ochre Sea Star,POL,juvenile (<2.5cm),1,2.5,INVERT,QUAD,KEEP,,,,,MESOCARNIVORE,HARD,MOBILE,SOLITARY,240755,Species,Animalia,Echinodermata,Asteroidea,Forcipulatida,Asteriidae,Pisaster,.,.PIEL,Pista elongata,.,PIEL,.,.,.,INVERT,UPC,KEEP,,,,,PLANKTIVORE,HARD,SESSILE,SOLITARY,330759,Species,Animalia,Annelida,Polychaeta,Terebellida,Terebellidae,Pista,.,.TDL,Plantae,Terrestrial detritus,.,.,.,.,ALGAE,DETRITUS,KEEP,,,,,PRODUCER,.,.,.,3,Kingdom,Plantae,.,.,.,.,.,.,.TDS,Plantae,Terrestrial detritus,.,.,.,.,ALGAE,DETRITUS,KEEP,,,,,PRODUCER,.,.,.,3,Kingdom,Plantae,.,.,.,.,.,.,.PLTR,Platyrhinoidis triseriata,Thornback Ray,PLTR,.,.,.,FISH,FISH,KEEP,,,,,MACROCARNIVORE,SOFT,MOBILE,SOLITARY,282280,Species,Animalia,Chordata,Elasmobranchii,Rajiformes,Rhinobatidae,Platyrhinoidis,.,.PTRY,Platyrhinoidis triseriata,Thornback guitarfish ,PTRY,.,30,120,FISH,FISH,KEEP,,,,,MACROCARNIVORE,SOFT,MOBILE,SOLITARY,282280,Species,Animalia,Chordata,Elasmobranchii,Rajiformes,Rhinobatidae,Platyrhinoidis,.,.PLCA,Plocamium cartilaginum,,PLCA,.,.,.,ALGAE,UPC,LUMP,,,FTHR,,.,.,.,.,.,.,.,.,.,.,.,.,.,.PLUM,Plumularia,Hydroid,PLUM,.,.,.,INVERT,UPC,KEEP,7/1/00,7/1/05,,May have been previously recorded as UIH,PLANKTIVORE,HARD,SESSILE,AGGREGATED,117196,Genus,Animalia,Cnidaria,Hydrozoa,Leptothecata,Plumulariidae,Plumularia,.,.POPL,Polyclinum planum,Elephant Ear Tunicate,POPL,.,2,18,INVERT,QUAD,KEEP,,,,,PLANKTIVORE,HARD,SESSILE,SOLITARY,251110,Species,Animalia,Chordata,Ascidiacea,Aplousobranchia,Polyclinidae,Polyclinum,.,.POPL,Polyclinum planum,Elephant Ear Tunicate,POPL,.,.,.,INVERT,UPC,KEEP,,,,,PLANKTIVORE,HARD,SESSILE,SOLITARY,251110,Species,Animalia,Chordata,Ascidiacea,Aplousobranchia,Polyclinidae,Polyclinum,.,.POLA,Polyneura latissima,.,POLA,.,.,.,ALGAE,DETRITUS,KEEP,,,,,PRODUCER,HARD,SESSILE,AGGREGATED,372634,Species,Plantae,Rhodophyta,Florideophyceae,Ceramiales,Delesseriaceae,Polyneura,.,.POLA,Polyneura latissima,.,POLA,.,.,.,ALGAE,UPC,KEEP,,,,,PRODUCER,HARD,SESSILE,AGGREGATED,372634,Species,Plantae,Rhodophyta,Florideophyceae,Ceramiales,Delesseriaceae,Polyneura,.,.PONO,Porichthys notatus,Plainfin Midshipman,PONO,.,20,30,FISH,FISH,KEEP,,,,,MESOCARNIVORE,SOFT,MOBILE,SOLITARY,275658,Species,Animalia,Chordata,Actinopterygii,Batrachoidiformes,Batrachoididae,Porichthys,.,HIP,Primavelans mexicana,Southern Fluted Bryozoan,HIP,.,.,.,INVERT,UPC,KEEP,,,,,PLANKTIVORE,HARD,SESSILE,AGGREGATED,472024,Species,Animalia,Bryozoa,Gymnolaemata,Cheilostomatida,Pacificincolidae,Primavelans,Hippodiplosia,insculptaPL,Prionitis lanceolata,.,PL,.,.,.,ALGAE,DETRITUS,KEEP,,,,,PRODUCER,HARD,SESSILE,SOLITARY,496247,Species,Plantae,Rhodophyta,Florideophyceae,Halymeniales,Halymeniaceae,Prionitis,.,.PL,Prionitis lanceolata,.,PL,.,.,.,ALGAE,UPC,KEEP,,,,,PRODUCER,HARD,SESSILE,SOLITARY,496247,Species,Plantae,Rhodophyta,Florideophyceae,Halymeniales,Halymeniaceae,Prionitis,.,.PRSP,Prionitis linearis,.,PRSP,.,.,.,ALGAE,DETRITUS,KEEP,,,,,PRODUCER,HARD,SESSILE,SOLITARY,213821,Species,Plantae,Rhodophyta,Florideophyceae,Halymeniales,Halymeniaceae,Prionitis,.,.PRSP,Prionitis linearis,.,PRSP,.,.,.,ALGAE,UPC,KEEP,7/1/00,7/1/08,,May have been previously misidentified as R; assumed close to zero abundance in early years,PRODUCER,HARD,SESSILE,SOLITARY,213821,Species,Plantae,Rhodophyta,Florideophyceae,Halymeniales,Halymeniaceae,Prionitis,.,.RPRO,Pseudobatos productus,Shovelnose Guitarfish,RPRO,.,7,110,FISH,FISH,KEEP,,,,,MACROCARNIVORE,SOFT,MOBILE,SOLITARY,1043469,Species,Animalia,Chordata,Elasmobranchii,Rajiformes,Rhinobatidae,Pseudobatos,.,.PTTR,Pteropurpura trialata,Three-Winged Murex,PTTR,.,1,8,INVERT,QUAD,KEEP,,,,,MICROCARNIVORE,HARD,MOBILE,SOLITARY,743650,Species,Animalia,Mollusca,Gastropoda,Neogastropoda,Muricidae,Pteropurpura,.,.PTDE,Pterosiphonia dendroidia,,PTDE,.,.,.,ALGAE,UPC,LUMP,,,FR,,.,.,.,.,.,.,.,.,.,.,.,.,.,.PH,Pterygophora californica,.,PTCA,holdfast,.,.,ALGAE,UPC,KEEP,,,,,PRODUCER,HARD,SESSILE,SOLITARY,240750,Species,Chromista,Ochrophyta,Phaeophyceae,Laminariales,Alariaceae,Pterygophora,.,.PTCA,Pterygophora californica,Palm Kelp,PTCA,adult stipe(>20 cm lgth >0.5 cm diam),.,.,ALGAE,DETRITUS,KEEP,,,,,PRODUCER,HARD,SESSILE,SOLITARY,240750,Species,Chromista,Ochrophyta,Phaeophyceae,Laminariales,Alariaceae,Pterygophora,.,.PTCA,Pterygophora californica,Palm Kelp,PTCA,adult stipe(>20 cm lgth >0.5 cm diam),0,28,ALGAE,SWATH,KEEP,,,,,PRODUCER,HARD,SESSILE,SOLITARY,240750,Species,Chromista,Ochrophyta,Phaeophyceae,Laminariales,Alariaceae,Pterygophora,.,.PTJ,Pterygophora californica,.,PTCA,juvenile(<20 cm stipe length ),.,.,ALGAE,DETRITUS,KEEP,,,,,PRODUCER,HARD,SESSILE,SOLITARY,240750,Species,Chromista,Ochrophyta,Phaeophyceae,Laminariales,Alariaceae,Pterygophora,.,.PTJ,Pterygophora californica,.,PTCA,juvenile(<20 cm stipe length ),.,.,ALGAE,QUAD,KEEP,,,,,PRODUCER,HARD,SESSILE,SOLITARY,240750,Species,Chromista,Ochrophyta,Phaeophyceae,Laminariales,Alariaceae,Pterygophora,.,.PTL,Pterygophora californica,.,PTCA,subadult (>20 cm stipe length < 0.5cm diam),.,.,ALGAE,DETRITUS,KEEP,,,,,PRODUCER,HARD,SESSILE,SOLITARY,240750,Species,Chromista,Ochrophyta,Phaeophyceae,Laminariales,Alariaceae,Pterygophora,.,.PTL,Pterygophora californica,.,PTCA,subadult (>20 cm stipe length < 0.5cm diam),.,.,ALGAE,QUAD,KEEP,7/1/00,1/1/08,,Previously counted as PTCA. We decide to zero filled this species from 2000 to 2007 because PTCA already account for its biomass,PRODUCER,HARD,SESSILE,SOLITARY,240750,Species,Chromista,Ochrophyta,Phaeophyceae,Laminariales,Alariaceae,Pterygophora,.,.PUPR,Pugettia producta,Kelp Crab,PUPR,.,2,12,INVERT,SWATH,KEEP,,,,,GRAZER,HARD,MOBILE,SOLITARY,240780,Species,Animalia,Arthropoda,Malacostraca,Decapoda,Epialtidae,Pugettia,.,.PYST,Pycnoclavella stanleyi,Yellow Social Turnicate,PYST,.,.,.,INVERT,UPC,KEEP,7/1/00,7/1/05,,May have been previously misidentified as UT; likely too rare to detect prior to 2005,PLANKTIVORE,HARD,SESSILE,AGGREGATED,251245,Species,Animalia,Chordata,Ascidiacea,Aplousobranchia,Clavelinidae,Pycnoclavella,.,.PHL,Pycnopodia helianthoides,Sunflower Sea Star,PHL,adult (>=2.5cm),2.5,60,INVERT,SWATH,KEEP,,,,,MESOCARNIVORE,HARD,MOBILE,SOLITARY,240764,Species,Animalia,Echinodermata,Asteroidea,Forcipulatida,Asteriidae,Pycnopodia,.,.PHS,Pycnopodia helianthoides,Sunflower Sea Star,PHL,juvenile (<2.5cm),1,2.5,INVERT,QUAD,KEEP,,,,,MESOCARNIVORE,HARD,MOBILE,SOLITARY,240764,Species,Animalia,Echinodermata,Asteroidea,Forcipulatida,Asteriidae,Pycnopodia,.,.REKO,Renilla koellikeri,Sea Pansy,REKO,.,.,.,INVERT,QUAD,REMOVE,,,,,PLANKTIVORE,SOFT,SESSILE,SOLITARY,290961,Species,Animalia,Cnidaria,Anthozoa,Pennatulacea,Renillidae,Renilla,.,.REKO,Renilla koellikeri,Sea Pansy,REKO,.,.,.,INVERT,UPC,REMOVE,,,,,PLANKTIVORE,SOFT,SESSILE,SOLITARY,290961,Species,Animalia,Cnidaria,Anthozoa,Pennatulacea,Renillidae,Renilla,.,.RTOX,Rhacochilus toxotes,Rubberlip Surfperch,RTOX,.,10,45,FISH,FISH,KEEP,,,,,MESOCARNIVORE,HARD,MOBILE,SOLITARY,282575,Species,Animalia,Chordata,Actinopterygii,Perciformes,Embiotocidae,Rhacochilus,.,.DVAC,Rhacochilus vacca,Pile Surfperch,DVAC,.,4,45,FISH,FISH,KEEP,,,,,MESOCARNIVORE,HARD,MOBILE,SOLITARY,282576,Species,Animalia,Chordata,Actinopterygii,Perciformes,Embiotocidae,Rhacochilus,Damalichthys,vaccaCNIC,Rhinogobiops nicholsii,Blackeye Goby,CNIC,.,1,18,FISH,CRYPTIC FISH,KEEP,,,,,MICROCARNIVORE,HARD,MOBILE,SOLITARY,282580,Species,Animalia,Chordata,Actinopterygii,Perciformes,Gobiidae,Rhinogobiops,Coryphopterus,nicholsiiBR,Rhodophyceae,Blady red,BR,.,.,.,ALGAE,DETRITUS,KEEP,,,,,PRODUCER,HARD,SESSILE,AGGREGATED,21263,Class,Plantae,Rhodophyta,Rhodophyceae,.,.,.,.,.BR,Rhodophyceae,Blady red,BR,.,.,.,ALGAE,UPC,KEEP,,,,,PRODUCER,HARD,SESSILE,AGGREGATED,21263,Class,Plantae,Rhodophyta,Rhodophyceae,.,.,.,.,.BRA,Rhodophyceae,Branching Red Algae,BRA,.,.,.,ALGAE,UPC,KEEP,,,,,PRODUCER,HARD,SESSILE,AGGREGATED,21263,Class,Plantae,Rhodophyta,Rhodophyceae,.,.,.,.,.ER,Rhodophyta,Encrusting red algae,ER,.,.,.,ALGAE,UPC,KEEP,,,,,PRODUCER,HARD,SESSILE,SOLITARY,852,Phylum,Plantae,Rhodophyta,.,.,.,.,.,.FR,Rhodophyta,filamentous red,FR,.,.,.,ALGAE,DETRITUS,KEEP,,,,,PRODUCER,HARD,SESSILE,AGGREGATED,852,Phylum,Plantae,Rhodophyta,.,.,.,.,.,.FR,Rhodophyta,filamentous red,FR,.,.,.,ALGAE,UPC,KEEP,,,,,PRODUCER,HARD,SESSILE,AGGREGATED,852,Phylum,Plantae,Rhodophyta,.,.,.,.,.,.RAT,Rhodophyta,Red algal turf,RAT,.,.,.,ALGAE,DETRITUS,KEEP,,,,,PRODUCER,HARD,SESSILE,AGGREGATED,852,Phylum,Plantae,Rhodophyta,.,.,.,.,.,.RAT,Rhodophyta,Red algal turf,RAT,.,.,.,ALGAE,UPC,KEEP,,,,,PRODUCER,HARD,SESSILE,AGGREGATED,852,Phylum,Plantae,Rhodophyta,.,.,.,.,.,.UEC,Rhodophyta,Unidentified erect coralline,UEC,.,.,.,ALGAE,UPC,KEEP,,,,,PRODUCER,HARD,SESSILE,AGGREGATED,852,Phylum,Plantae,Rhodophyta,.,.,.,.,.,.R,Rhodymenia californica,.,R,.,.,.,ALGAE,DETRITUS,KEEP,,,,,PRODUCER,HARD,SESSILE,AGGREGATED,372654,Species,Plantae,Rhodophyta,Florideophyceae,Rhodymeniales,Rhodymeniaceae,Rhodymenia,.,.R,Rhodymenia californica,.,R,.,.,.,ALGAE,UPC,KEEP,,,,,PRODUCER,HARD,SESSILE,AGGREGATED,372654,Species,Plantae,Rhodophyta,Florideophyceae,Rhodymeniales,Rhodymeniaceae,Rhodymenia,.,.RP,Rhodymenia pacifica,,RP,.,.,.,INVERT,UPC,LUMP,,,R,,.,.,.,.,.,.,.,.,.,.,.,.,.,.SABW,Sabellidae,Sabellid Wom,SABW,.,.,.,INVERT,QUAD,REMOVE,2/1/09,7/1/30,,stop surveying since 2009; included EUPO pre-2009; remove for consistency,PLANKTIVORE,HARD,SESSILE,SOLITARY,985,Family,Animalia,Annelida,Polychaeta,Sabellida,Sabellidae,.,.,.SABW,Sabellidae,Sabellid Wom,SABW,.,.,.,INVERT,UPC,KEEP,,,,,PLANKTIVORE,HARD,SESSILE,SOLITARY,985,Family,Animalia,Annelida,Polychaeta,Sabellida,Sabellidae,.,.,.ST,Salmacina tribranchiata,Fragile Tube Worm,ST,.,.,.,INVERT,UPC,KEEP,,,,,PLANKTIVORE,HARD,SESSILE,AGGREGATED,334720,Species,Animalia,Annelida,Polychaeta,Sabellida,Serpulidae,Salmacina,.,.SAFU,Sarcodiotheca furcata,.,SAFU,.,.,.,ALGAE,DETRITUS,KEEP,,,,,PRODUCER,HARD,SESSILE,AGGREGATED,372759,Species,Plantae,Rhodophyta,Florideophyceae,Gigartinales,Solieriaceae,Sarcodiotheca,.,.SAFU,Sarcodiotheca furcata,.,SAFU,.,.,.,ALGAE,UPC,KEEP,,,,,PRODUCER,HARD,SESSILE,AGGREGATED,372759,Species,Plantae,Rhodophyta,Florideophyceae,Gigartinales,Solieriaceae,Sarcodiotheca,.,.SAGA,Sarcodiotheca gaudichaudii,.,SAGA,.,.,.,ALGAE,DETRITUS,LUMP,,,GS,Lumped with GS for consistency among years,PRODUCER,HARD,SESSILE,AGGREGATED,372656,Species,Plantae,Rhodophyta,Florideophyceae,Gigartinales,Solieriaceae,Sarcodiotheca,.,.SAGA,Sarcodiotheca gaudichaudii,.,SAGA,.,.,.,ALGAE,UPC,LUMP,,,GS,Lumped with GS for consistency among years,PRODUCER,HARD,SESSILE,AGGREGATED,372656,Species,Plantae,Rhodophyta,Florideophyceae,Gigartinales,Solieriaceae,Sarcodiotheca,.,.SAHO,Sargassum horneri,.,SAHO,Adult (> 5cm height),.,.,ALGAE,DETRITUS,KEEP,,,,,PRODUCER,HARD,SESSILE,SOLITARY,494853,Species,Chromista,Ochrophyta,Phaeophyceae,Fucales,Sargassaceae,Sargassum,.,.SAHO,Sargassum horneri,.,SAHO,Adult (> 5cm height),3,50,ALGAE,QUAD,KEEP,7/1/00,7/1/15,,added species to quad after 2015 - likely low absent prior,PRODUCER,HARD,SESSILE,SOLITARY,494853,Species,Chromista,Ochrophyta,Phaeophyceae,Fucales,Sargassaceae,Sargassum,.,.SAHO,Sargassum horneri,.,SAHO,Adult (> 5cm height),.,.,ALGAE,SWATH,REMOVE,7/1/15,7/1/30,,Counted in swath survey until large increase in abundance;then moved to quad survey; absent prior to 2015,PRODUCER,HARD,SESSILE,SOLITARY,494853,Species,Chromista,Ochrophyta,Phaeophyceae,Fucales,Sargassaceae,Sargassum,.,.SAHO,Sargassum horneri,.,SAHO,cover of adult or juvenile basal structures,.,.,ALGAE,UPC,KEEP,,,,,PRODUCER,HARD,SESSILE,SOLITARY,494853,Species,Chromista,Ochrophyta,Phaeophyceae,Fucales,Sargassaceae,Sargassum,.,.SHJ,Sargassum horneri,Wire-weed,SAMU,juvenile(<5cm height),.,.,ALGAE,QUAD,KEEP,,,,,PRODUCER,HARD,SESSILE,SOLITARY,494853,Species,Chromista,Ochrophyta,Phaeophyceae,Fucales,Sargassaceae,Sargassum,.,.SAMU,Sargassum muticum,Wire-weed,SAMU,Adult (> 5cm height),.,.,ALGAE,DETRITUS,KEEP,,,,,PRODUCER,HARD,SESSILE,SOLITARY,494791,Species,Chromista,Ochrophyta,Phaeophyceae,Fucales,Sargassaceae,Sargassum,.,.SAMU,Sargassum muticum,Wire-weed,SAMU,Adult (> 5cm height),3,150,ALGAE,QUAD,NA-FILL,7/1/00,1/1/15,,added species to quad survey after 2015,PRODUCER,HARD,SESSILE,SOLITARY,494791,Species,Chromista,Ochrophyta,Phaeophyceae,Fucales,Sargassaceae,Sargassum,.,.SAMU,Sargassum muticum,Wire-weed,SAMU,Adult (> 5cm height),3,150,ALGAE,SWATH,NA-FILL,1/1/15,7/1/30,,Counted in swath survey until large increase in abundance; then moved to quad survey,PRODUCER,HARD,SESSILE,SOLITARY,494791,Species,Chromista,Ochrophyta,Phaeophyceae,Fucales,Sargassaceae,Sargassum,.,.SAMU,Sargassum muticum,Wire-weed,SAMU,cover of adult or juvenile basal structures,.,.,ALGAE,UPC,KEEP,,,,,PRODUCER,HARD,SESSILE,SOLITARY,494791,Species,Chromista,Ochrophyta,Phaeophyceae,Fucales,Sargassaceae,Sargassum,.,.SMJ,Sargassum muticum,Wire-weed,SAHO,juvenile(<5cm height),.,.,ALGAE,QUAD,KEEP,,,,,PRODUCER,HARD,SESSILE,SOLITARY,494791,Species,Chromista,Ochrophyta,Phaeophyceae,Fucales,Sargassaceae,Sargassum,.,.SCCA,Scinaia confusa,.,SCCA,.,.,.,ALGAE,DETRITUS,KEEP,,,,,PRODUCER,HARD,SESSILE,AGGREGATED,372659,Species,Plantae,Rhodophyta,Florideophyceae,Nemaliales,Scinaiaceae,Scinaia,.,.SCCA,Scinaia confusa,.,SCCA,.,.,.,ALGAE,UPC,KEEP,,,,,PRODUCER,HARD,SESSILE,AGGREGATED,372659,Species,Plantae,Rhodophyta,Florideophyceae,Nemaliales,Scinaiaceae,Scinaia,.,.SGUT,Scorpaena guttata,California Scorpionfish,SGUT,.,5,35,FISH,FISH,KEEP,,,,,MESOCARNIVORE,HARD,MOBILE,SOLITARY,274713,Species,Animalia,Chordata,Actinopterygii,Scorpaeniformes,Scorpaenidae,Scorpaena,.,.SMAR,Scorpaenichthys marmoratus,Cabezon,SMAR,.,5,70,FISH,FISH,KEEP,,,,,MESOCARNIVORE,HARD,MOBILE,SOLITARY,282726,Species,Animalia,Chordata,Actinopterygii,Scorpaeniformes,Cottidae,Scorpaenichthys,.,.SELO,Scytosiphon lomentaria,.,SELO,.,.,.,ALGAE,QUAD,REMOVE,,,,Remove - not a targed quad species,PRODUCER,HARD,SESSILE,AGGREGATED,145869,Species,Chromista,Ochrophyta,Phaeophyceae,Scytosiphonales,Scytosiphonaceae,Scytosiphon,.,.SELO,Scytosiphon lomentaria,.,SELO,.,.,.,ALGAE,UPC,KEEP,,,,,PRODUCER,HARD,SESSILE,AGGREGATED,145869,Species,Chromista,Ochrophyta,Phaeophyceae,Scytosiphonales,Scytosiphonaceae,Scytosiphon,.,.SCSP,Sebastes,Young of Year Rockfish,SCSP,.,2,40,FISH,FISH,KEEP,,,,,MICROCARNIVORE,HARD,MOBILE,SOLITARY,126175,Genus,Animalia,Chordata,Actinopterygii,Scorpaeniformes,Sebastidae,Sebastes,.,.SATR,Sebastes atrovirens,Kelp Rockfish,SATR,.,5,40,FISH,FISH,KEEP,,,,,MESOCARNIVORE,HARD,MOBILE,SOLITARY,274772,Species,Animalia,Chordata,Actinopterygii,Scorpaeniformes,Sebastidae,Sebastes,.,.SAUR,Sebastes auriculatus,Brown Rockfish,SAUR,.,3,41,FISH,FISH,KEEP,,,,,MESOCARNIVORE,HARD,MOBILE,SOLITARY,274773,Species,Animalia,Chordata,Actinopterygii,Scorpaeniformes,Sebastidae,Sebastes,.,.SCAR,Sebastes carnatus,Gopher Rockfish,SCAR,.,3,40,FISH,FISH,KEEP,,,,,MESOCARNIVORE,HARD,MOBILE,SOLITARY,274779,Species,Animalia,Chordata,Actinopterygii,Scorpaeniformes,Sebastidae,Sebastes,.,.SCAU,Sebastes caurinus,Copper Rockfish,SCAU,.,4,40,FISH,FISH,KEEP,,,,,MESOCARNIVORE,HARD,MOBILE,SOLITARY,274780,Species,Animalia,Chordata,Actinopterygii,Scorpaeniformes,Sebastidae,Sebastes,.,.SCHR,Sebastes chrysomelas,Black and Yellow Rockfish,SCHR,.,4,40,FISH,FISH,KEEP,,,,,MESOCARNIVORE,HARD,MOBILE,SOLITARY,240737,Species,Animalia,Chordata,Actinopterygii,Scorpaeniformes,Sebastidae,Sebastes,.,.SFLA,Sebastes flavidus,Yellowtail Rockfish,SFLA,.,5,35,FISH,FISH,KEEP,,,,,MESOCARNIVORE,HARD,MOBILE,SOLITARY,274795,Species,Animalia,Chordata,Actinopterygii,Scorpaeniformes,Sebastidae,Sebastes,.,.SMIN,Sebastes miniatus,Vermilion Rockfish,SMIN,.,3,40,FISH,FISH,KEEP,,,,,MESOCARNIVORE,HARD,MOBILE,SOLITARY,274820,Species,Animalia,Chordata,Actinopterygii,Scorpaeniformes,Sebastidae,Sebastes,.,.SMYS,Sebastes mystinus,Blue Rockfish,SMYS,.,3,30,FISH,FISH,KEEP,,,,,MESOCARNIVORE,HARD,MOBILE,SOLITARY,274823,Species,Animalia,Chordata,Actinopterygii,Scorpaeniformes,Sebastidae,Sebastes,.,.SPAU,Sebastes paucispinis,Boccacio,SPAU,.,3,40,FISH,FISH,KEEP,,,,,MESOCARNIVORE,HARD,MOBILE,SOLITARY,274833,Species,Animalia,Chordata,Actinopterygii,Scorpaeniformes,Sebastidae,Sebastes,.,.SRAS,Sebastes rastrelliger,Grass Rockfish,SRAS,.,4,40,FISH,FISH,KEEP,,,,,MESOCARNIVORE,HARD,MOBILE,SOLITARY,274839,Species,Animalia,Chordata,Actinopterygii,Scorpaeniformes,Sebastidae,Sebastes,.,.SSER,Sebastes serranoides,Olive Rockfish,SSER,.,3,40,FISH,FISH,KEEP,,,,,MESOCARNIVORE,HARD,MOBILE,SOLITARY,274852,Species,Animalia,Chordata,Actinopterygii,Scorpaeniformes,Sebastidae,Sebastes,.,.STRE,Sebastes serriceps,Treefish,STRE,.,4,40,FISH,FISH,KEEP,,,,,MESOCARNIVORE,HARD,MOBILE,SOLITARY,274853,Species,Animalia,Chordata,Actinopterygii,Scorpaeniformes,Sebastidae,Sebastes,.,.SPUL,Semicossyphus pulcher,California Sheephead,SPUL,.,3,75,FISH,FISH,KEEP,,,,,MESOCARNIVORE,HARD,MOBILE,SOLITARY,282753,Species,Animalia,Chordata,Actinopterygii,Perciformes,Labridae,Semicossyphus,.,.SC,Spheciospongia confoederata,Grey Moon Sponge,SC,.,.,.,INVERT,UPC,KEEP,,,,,PLANKTIVORE,HARD,SESSILE,AGGREGATED,170531,Species,Animalia,Porifera,Demospongiae,Clionaida,Clionaidae,Spheciospongia,.,.SPAR,Sphyraena argentea,Pacific Barracuda,SPAR,.,20,70,FISH,FISH,KEEP,,,,,MACROCARNIVORE,HARD,MOBILE,SOLITARY,273978,Species,Animalia,Chordata,Actinopterygii,Perciformes,Sphyraenidae,Sphyraena,.,.SCAL,Squatina californica,Pacific Angel Shark,SCAL,.,30,180,FISH,FISH,KEEP,,,,,MESOCARNIVORE,SOFT,MOBILE,SOLITARY,271667,Species,Animalia,Chordata,Elasmobranchii,Squatiniformes,Squatinidae,Squatina,.,.STIN,Stenogramma californica,.,STIN,.,.,.,ALGAE,DETRITUS,KEEP,,,,,PRODUCER,HARD,SESSILE,SOLITARY,497059,Species,Plantae,Rhodophyta,Florideophyceae,Gigartinales,Phyllophoraceae,Stenogramma,Stenogramme,interruptaSTIN,Stenogramma californica,.,STIN,.,.,.,ALGAE,UPC,KEEP,7/1/00,7/1/06,,May have been previously misidentified as R; too rare to detect prior to 2006,PRODUCER,HARD,SESSILE,SOLITARY,497059,Species,Plantae,Rhodophyta,Florideophyceae,Gigartinales,Phyllophoraceae,Stenogramma,Stenogramme,interruptaCH,Stephanocystis osmundacea,.,CYOS,holdfast,.,.,ALGAE,UPC,KEEP,,,,,PRODUCER,HARD,SESSILE,SOLITARY,502165,Species,Chromista,Ochrophyta,Phaeophyceae,Fucales,Sargassaceae,Stephanocystis,Cystoseira,osmundaceaCYJ,Stephanocystis osmundacea,.,CYOS,juvenile (<5cm diam),.,.,ALGAE,DETRITUS,KEEP,,,,,PRODUCER,HARD,SESSILE,SOLITARY,502165,Species,Chromista,Ochrophyta,Phaeophyceae,Fucales,Sargassaceae,Stephanocystis,Cystoseira,osmundaceaCYJ,Stephanocystis osmundacea,.,CYOS,juvenile (<5cm diam),.,.,ALGAE,QUAD,KEEP,,,,,PRODUCER,HARD,SESSILE,SOLITARY,502165,Species,Chromista,Ochrophyta,Phaeophyceae,Fucales,Sargassaceae,Stephanocystis,Cystoseira,osmundaceaCYOS,Stephanocystis osmundacea,.,CYOS,adult (>5cm diam),.,.,ALGAE,DETRITUS,KEEP,,,,,PRODUCER,HARD,SESSILE,SOLITARY,502165,Species,Chromista,Ochrophyta,Phaeophyceae,Fucales,Sargassaceae,Stephanocystis,Cystoseira,osmundaceaCYOS,Stephanocystis osmundacea,.,CYOS,adult (>5cm diam),.,.,ALGAE,SWATH,KEEP,,,,,PRODUCER,HARD,SESSILE,SOLITARY,502165,Species,Chromista,Ochrophyta,Phaeophyceae,Fucales,Sargassaceae,Stephanocystis,Cystoseira,osmundaceaCYOS,Stephanocystis osmundacea,.,CYOS,adult (>5cm diam),.,.,ALGAE,UPC,NA-FILL,7/1/00,1/1/08,,Previously not recorded in UPC,PRODUCER,HARD,SESSILE,SOLITARY,502165,Species,Chromista,Ochrophyta,Phaeophyceae,Fucales,Sargassaceae,Stephanocystis,Cystoseira,osmundaceaCYOS_R,Stephanocystis osmundacea,Reproductive frond,CYOS,reproductive fronds any size,.,.,ALGAE,DETRITUS,KEEP,,,,,PRODUCER,HARD,SESSILE,SOLITARY,502165,Species,Chromista,Ochrophyta,Phaeophyceae,Fucales,Sargassaceae,Stephanocystis,Cystoseira,osmundaceaCYOS_R,Stephanocystis osmundacea,Reproductive frond,CYOS,reproductive fronds (>1m height),100,801,ALGAE,SWATH,KEEP,,,,start surveying in Oct 2008 for LTE and 2011 for Annual. Dan and Shannon are confident that we can zero-fill the transect because it was not seen before. ,PRODUCER,HARD,SESSILE,SOLITARY,502165,Species,Chromista,Ochrophyta,Phaeophyceae,Fucales,Sargassaceae,Stephanocystis,Cystoseira,osmundaceaSGIG,Stereolepis gigas,Giant Sea Bass,SGIG,.,10,20,FISH,FISH,KEEP,,,,,MACROCARNIVORE,HARD,MOBILE,SOLITARY,282884,Species,Animalia,Chordata,Actinopterygii,Perciformes,Polyprionidae,Stereolepis,.,.SPL,Strongylocentrotus purpuratus,Purple Urchin,SPL,adult (>=2.5cm),2.5,9,INVERT,QUAD,KEEP,,,,,GRAZER,HARD,MOBILE,SOLITARY,240747,Species,Animalia,Echinodermata,Echinoidea,Camarodonta,Strongylocentrotidae,Strongylocentrotus,.,.SPL,Strongylocentrotus purpuratus,Purple Urchin,SPL,adult (>2.5cm),2.5,9,INVERT,URCHINS,KEEP,,,,,GRAZER,HARD,MOBILE,SOLITARY,240747,Species,Animalia,Echinodermata,Echinoidea,Camarodonta,Strongylocentrotidae,Strongylocentrotus,.,.SPS,Strongylocentrotus purpuratus,Purple Urchin,SPL,juvenile (<2.5cm),1,2.49,INVERT,QUAD,KEEP,,,,,GRAZER,HARD,MOBILE,SOLITARY,240747,Species,Animalia,Echinodermata,Echinoidea,Camarodonta,Strongylocentrotidae,Strongylocentrotus,.,.SPS,Strongylocentrotus purpuratus,Purple Urchin,SPL,juvenile (<2.5cm),1,2.49,INVERT,URCHINS,KEEP,,,,,GRAZER,HARD,MOBILE,SOLITARY,240747,Species,Animalia,Echinodermata,Echinoidea,Camarodonta,Strongylocentrotidae,Strongylocentrotus,.,.STMO,Styela montereyensis,Stalked Tunicate,STMO,.,0.1,3.5,INVERT,QUAD,KEEP,,,,,PLANKTIVORE,HARD,SESSILE,SOLITARY,240756,Species,Animalia,Chordata,Ascidiacea,Stolidobranchia,Styelidae,Styela,.,.STMO,Styela montereyensis,Stalked Tunicate,STMO,.,.,.,INVERT,UPC,KEEP,,,,,PLANKTIVORE,HARD,SESSILE,SOLITARY,240756,Species,Animalia,Chordata,Ascidiacea,Stolidobranchia,Styelidae,Styela,.,.SYNG,Syngnathus,Unidentified Pipefish Spp.,SYNG,.,4,30,FISH,FISH,KEEP,,,,,PLANKTIVORE,HARD,MOBILE,SOLITARY,126227,Genus,Animalia,Chordata,Actinopterygii,Syngnathiformes,Syngnathidae,Syngnathus,.,.TALE,Taonia lennebackerae,.,TALE,.,.,.,ALGAE,DETRITUS,KEEP,,,,,PRODUCER,HARD,SESSILE,AGGREGATED,372695,Species,Chromista,Ochrophyta,Phaeophyceae,Dictyotales,Dictyotaceae,Taonia,.,.TALE,Taonia lennebackerae,.,TALE,.,.,.,ALGAE,UPC,KEEP,,,,,PRODUCER,HARD,SESSILE,AGGREGATED,372695,Species,Chromista,Ochrophyta,Phaeophyceae,Dictyotales,Dictyotaceae,Taonia,.,.TESP,Tegula,Black Turbin Snail,TESP,.,0.5,3,INVERT,QUAD,KEEP,,,,,GRAZER,HARD,MOBILE,SOLITARY,413467,Genus,Animalia,Mollusca,Gastropoda,Trochida,Tegulidae,Tegula,Tegula,spp.TEAU,Tethya aurantium,Orange Puffball Sponge,TEAU,.,1.2,13,INVERT,QUAD,KEEP,,,,,PLANKTIVORE,HARD,SESSILE,SOLITARY,134311,Species,Animalia,Porifera,Demospongiae,Tethyida,Tethyidae,Tethya,Tethya,aurantiaTEAU,Tethya aurantium,Orange Puffball Sponge,TEAU,.,.,.,INVERT,UPC,KEEP,,,,,PLANKTIVORE,HARD,SESSILE,SOLITARY,134311,Species,Animalia,Porifera,Demospongiae,Tethyida,Tethyidae,Tethya,Tethya,aurantiaTC,Thalamoporella californica,.,TC,.,.,.,INVERT,UPC,KEEP,,,,,PLANKTIVORE,HARD,SESSILE,AGGREGATED,468453,Species,Animalia,Bryozoa,Gymnolaemata,Cheilostomatida,Thalamoporellidae,Thalamoporella,.,.SE,Thylacodes squamigerus,Scaled Worm Snail,SE,.,.,.,INVERT,UPC,KEEP,,,,,PLANKTIVORE,HARD,SESSILE,SOLITARY,709499,Species,Animalia,Mollusca,Gastropoda,Littorinimorpha,Vermetidae,Thylacodes,.,.CILU,Timarete luxuriosa,.,CILU,.,.,.,INVERT,UPC,KEEP,,,,,PLANKTIVORE,HARD,SESSILE,SOLITARY,334943,Species,Animalia,Annelida,Polychaeta,Terebellida,Cirratulidae,Timarete,.,.TSEM,Triakis semifasciata,Leopard Shark,TSEM,.,25,120,FISH,FISH,KEEP,,,,,MACROCARNIVORE,SOFT,MOBILE,SOLITARY,279060,Species,Animalia,Chordata,Elasmobranchii,Carcharhiniformes,Triakidae,Triakis,.,.UV,Ulva,Sea Lettuce,UV,.,.,.,ALGAE,DETRITUS,KEEP,,,,,PRODUCER,HARD,SESSILE,SOLITARY,144296,Genus,Plantae,Chlorophyta,Ulvophyceae,Ulvales,Ulvaceae,Ulva,.,.UV,Ulva,Sea Lettuce,UV,.,.,.,ALGAE,UPC,KEEP,,,,,PRODUCER,HARD,SESSILE,SOLITARY,144296,Genus,Plantae,Chlorophyta,Ulvophyceae,Ulvales,Ulvaceae,Ulva,.,.URLO,Urticina eques,Whit-Spotted Rose Anemone,URLO,.,2,15,INVERT,QUAD,KEEP,,,,,MESOCARNIVORE,HARD,SESSILE,SOLITARY,100833,Species,Animalia,Cnidaria,Anthozoa,Actiniaria,Actiniidae,Urticina,.,.URLO,Urticina eques,Whit-Spotted Rose Anemone,URLO,.,.,.,INVERT,UPC,KEEP,,,,,MESOCARNIVORE,HARD,SESSILE,SOLITARY,100833,Species,Animalia,Cnidaria,Anthozoa,Actiniaria,Actiniidae,Urticina,.,.URPI,Urticina piscivora,Fish Eating Anemone,URPI,.,.,.,INVERT,QUAD,KEEP,,,,,MESOCARNIVORE,HARD,SESSILE,SOLITARY,283445,Species,Animalia,Cnidaria,Anthozoa,Actiniaria,Actiniidae,Urticina,.,.WASP,Watersipora subatra,.,WASP,.,.,.,INVERT,QUAD,REMOVE,,,,,PLANKTIVORE,HARD,SESSILE,AGGREGATED,816025,Species,Animalia,Bryozoa,Gymnolaemata,Cheilostomatida,Watersiporidae,Watersipora,.,.WASP,Watersipora subatra,.,WASP,.,.,.,INVERT,UPC,KEEP,,,,,PLANKTIVORE,HARD,SESSILE,AGGREGATED,816025,Species,Animalia,Bryozoa,Gymnolaemata,Cheilostomatida,Watersiporidae,Watersipora,.,.WK,Weeksia,.,WK,.,.,.,ALGAE,UPC,LUMP,,,POLA,,PRODUCER,HARD,SESSILE,AGGREGATED,370330,Genus,Plantae,Rhodophyta,FlorideophyceaeÊ,GigartinalesÊ,DumontiaceaeÊ,WeeksiaÊ,,ZOMA,Zostera marina,Eel Grass,ZOMA,.,.,.,ALGAE,DETRITUS,KEEP,,,,,PRODUCER,HARD,SESSILE,AGGREGATED,495077,Species,Plantae,Tracheophyta,Magnoliopsida,Alismatales,Zosteraceae,Zostera,.,.ZOMA,Zostera marina,Eel Grass,ZOMA,.,.,.,ALGAE,UPC,KEEP,,,,,PRODUCER,HARD,SESSILE,AGGREGATED,495077,Species,Plantae,Tracheophyta,Magnoliopsida,Alismatales,Zosteraceae,Zostera,.,.